{
  "type": "FeatureCollection",
  "properties": {
    "group": "all",
    "generator": "dashgps 0.1.0",
    "time_is_naive": true
  },
  "features": [
    {
      "type": "Feature",
      "properties": {
        "run": 0,
        "points": 296,
        "distance_km": 3.933,
        "outlier": false,
        "start": "2026-08-03T09:54:22",
        "end": "2026-08-03T09:59:17"
      },
      "geometry": {
        "type": "LineString",
        "coordinates": [
          [-80.137971, 25.774408, -6.0],
          [-80.138102, 25.774386, -10.0],
          [-80.138233, 25.774364, -9.0],
          [-80.138364, 25.774344, -8.0],
          [-80.138495, 25.774323, -7.0],
          [-80.138626, 25.774304, -6.0],
          [-80.138758, 25.774284, -10.0],
          [-80.138889, 25.774265, -9.0],
          [-80.139021, 25.774247, -8.0],
          [-80.139153, 25.774230, -7.0],
          [-80.139284, 25.774212, -6.0],
          [-80.139416, 25.774196, -10.0],
          [-80.139548, 25.774179, -9.0],
          [-80.139680, 25.774164, -8.0],
          [-80.139812, 25.774149, -7.0],
          [-80.139945, 25.774134, -6.0],
          [-80.140077, 25.774120, -10.0],
          [-80.140209, 25.774106, -9.0],
          [-80.140341, 25.774093, -8.0],
          [-80.140474, 25.774081, -7.0],
          [-80.140606, 25.774069, -6.0],
          [-80.140739, 25.774057, -10.0],
          [-80.140872, 25.774046, -9.0],
          [-80.141004, 25.774036, -8.0],
          [-80.141137, 25.774026, -7.0],
          [-80.141270, 25.774017, -6.0],
          [-80.141402, 25.774008, -10.0],
          [-80.141535, 25.773999, -9.0],
          [-80.141668, 25.773991, -8.0],
          [-80.141801, 25.773984, -7.0],
          [-80.141934, 25.773977, -6.0],
          [-80.142067, 25.773971, -10.0],
          [-80.142200, 25.773965, -9.0],
          [-80.142333, 25.773960, -8.0],
          [-80.142466, 25.773955, -7.0],
          [-80.142599, 25.773951, -6.0],
          [-80.142732, 25.773948, -10.0],
          [-80.142865, 25.773944, -9.0],
          [-80.142998, 25.773942, -8.0],
          [-80.143132, 25.773940, -7.0],
          [-80.143265, 25.773938, -6.0],
          [-80.143398, 25.773937, -10.0],
          [-80.143531, 25.773937, -9.0],
          [-80.143664, 25.773937, -8.0],
          [-80.143797, 25.773937, -7.0],
          [-80.143930, 25.773938, -6.0],
          [-80.144064, 25.773940, -10.0],
          [-80.144197, 25.773942, -9.0],
          [-80.144330, 25.773944, -8.0],
          [-80.144463, 25.773948, -7.0],
          [-80.144596, 25.773951, -6.0],
          [-80.144729, 25.773955, -10.0],
          [-80.144862, 25.773960, -9.0],
          [-80.144995, 25.773965, -8.0],
          [-80.145128, 25.773971, -7.0],
          [-80.145261, 25.773977, -6.0],
          [-80.145394, 25.773984, -10.0],
          [-80.145527, 25.773991, -9.0],
          [-80.145660, 25.773999, -8.0],
          [-80.145793, 25.774008, -7.0],
          [-80.145926, 25.774017, -6.0],
          [-80.146058, 25.774026, -10.0],
          [-80.146191, 25.774036, -9.0],
          [-80.146324, 25.774046, -8.0],
          [-80.146456, 25.774057, -7.0],
          [-80.146589, 25.774069, -6.0],
          [-80.146721, 25.774081, -10.0],
          [-80.146854, 25.774093, -9.0],
          [-80.146986, 25.774106, -8.0],
          [-80.147118, 25.774120, -7.0],
          [-80.147251, 25.774134, -6.0],
          [-80.147383, 25.774149, -10.0],
          [-80.147515, 25.774164, -9.0],
          [-80.147647, 25.774179, -8.0],
          [-80.147779, 25.774196, -7.0],
          [-80.147911, 25.774212, -6.0],
          [-80.148042, 25.774230, -10.0],
          [-80.148174, 25.774247, -9.0],
          [-80.148306, 25.774265, -8.0],
          [-80.148437, 25.774284, -7.0],
          [-80.148569, 25.774304, -6.0],
          [-80.148700, 25.774323, -10.0],
          [-80.148831, 25.774344, -9.0],
          [-80.148962, 25.774364, -8.0],
          [-80.149093, 25.774386, -7.0],
          [-80.149224, 25.774408, -6.0],
          [-80.149355, 25.774430, -10.0],
          [-80.149486, 25.774453, -9.0],
          [-80.149616, 25.774476, -8.0],
          [-80.149747, 25.774500, -7.0],
          [-80.149877, 25.774525, -6.0],
          [-80.150008, 25.774550, -10.0],
          [-80.150138, 25.774575, -9.0],
          [-80.150268, 25.774601, -8.0],
          [-80.150398, 25.774627, -7.0],
          [-80.150527, 25.774654, -6.0],
          [-80.150657, 25.774682, -10.0],
          [-80.150786, 25.774710, -9.0],
          [-80.150916, 25.774738, -8.0],
          [-80.151045, 25.774767, -7.0],
          [-80.151174, 25.774797, -6.0],
          [-80.151303, 25.774827, -10.0],
          [-80.151432, 25.774857, -9.0],
          [-80.151560, 25.774888, -8.0],
          [-80.151689, 25.774920, -7.0],
          [-80.151817, 25.774952, -6.0],
          [-80.151945, 25.774985, -10.0],
          [-80.152073, 25.775018, -9.0],
          [-80.152201, 25.775051, -8.0],
          [-80.152329, 25.775085, -7.0],
          [-80.152456, 25.775120, -6.0],
          [-80.152584, 25.775155, -10.0],
          [-80.152711, 25.775190, -9.0],
          [-80.152838, 25.775226, -8.0],
          [-80.152965, 25.775263, -7.0],
          [-80.153091, 25.775300, -6.0],
          [-80.153218, 25.775338, -10.0],
          [-80.153344, 25.775376, -9.0],
          [-80.153470, 25.775414, -8.0],
          [-80.153596, 25.775453, -7.0],
          [-80.153722, 25.775493, -6.0],
          [-80.153847, 25.775533, -10.0],
          [-80.153973, 25.775573, -9.0],
          [-80.154098, 25.775614, -8.0],
          [-80.154223, 25.775656, -7.0],
          [-80.154347, 25.775698, -6.0],
          [-80.154472, 25.775740, -10.0],
          [-80.154596, 25.775783, -9.0],
          [-80.154720, 25.775827, -8.0],
          [-80.154844, 25.775871, -7.0],
          [-80.154968, 25.775915, -6.0],
          [-80.155091, 25.775960, -10.0],
          [-80.155215, 25.776005, -9.0],
          [-80.155338, 25.776051, -8.0],
          [-80.155460, 25.776098, -7.0],
          [-80.155583, 25.776145, -6.0],
          [-80.155705, 25.776192, -10.0],
          [-80.155827, 25.776240, -9.0],
          [-80.155949, 25.776288, -8.0],
          [-80.156071, 25.776337, -7.0],
          [-80.156192, 25.776386, -6.0],
          [-80.156314, 25.776436, -10.0],
          [-80.156434, 25.776486, -9.0],
          [-80.156555, 25.776537, -8.0],
          [-80.156676, 25.776588, -7.0],
          [-80.156796, 25.776639, -6.0],
          [-80.156916, 25.776692, -10.0],
          [-80.157035, 25.776744, -9.0],
          [-80.157155, 25.776797, -8.0],
          [-80.157274, 25.776851, -7.0],
          [-80.157393, 25.776905, -6.0],
          [-80.157512, 25.776959, -10.0],
          [-80.157630, 25.777014, -9.0],
          [-80.157748, 25.777069, -8.0],
          [-80.157866, 25.777125, -7.0],
          [-80.157983, 25.777181, -6.0],
          [-80.158101, 25.777238, -10.0],
          [-80.158218, 25.777295, -9.0],
          [-80.158334, 25.777353, -8.0],
          [-80.158451, 25.777411, -7.0],
          [-80.158567, 25.777470, -6.0],
          [-80.158683, 25.777529, -10.0],
          [-80.158799, 25.777588, -9.0],
          [-80.158914, 25.777648, -8.0],
          [-80.159029, 25.777709, -7.0],
          [-80.159144, 25.777770, -6.0],
          [-80.159258, 25.777831, -10.0],
          [-80.159372, 25.777893, -9.0],
          [-80.159486, 25.777955, -8.0],
          [-80.159600, 25.778017, -7.0],
          [-80.159713, 25.778081, -6.0],
          [-80.159826, 25.778144, -10.0],
          [-80.159938, 25.778208, -9.0],
          [-80.160051, 25.778273, -8.0],
          [-80.160163, 25.778337, -7.0],
          [-80.160274, 25.778403, -6.0],
          [-80.160386, 25.778468, -10.0],
          [-80.160497, 25.778535, -9.0],
          [-80.160608, 25.778601, -8.0],
          [-80.160718, 25.778668, -7.0],
          [-80.160828, 25.778736, -6.0],
          [-80.160938, 25.778804, -10.0],
          [-80.161047, 25.778872, -9.0],
          [-80.161156, 25.778941, -8.0],
          [-80.161265, 25.779010, -7.0],
          [-80.161373, 25.779080, -6.0],
          [-80.161481, 25.779150, -10.0],
          [-80.161589, 25.779220, -9.0],
          [-80.161697, 25.779291, -8.0],
          [-80.161804, 25.779362, -7.0],
          [-80.161910, 25.779434, -6.0],
          [-80.162017, 25.779506, -10.0],
          [-80.162123, 25.779579, -9.0],
          [-80.162228, 25.779652, -8.0],
          [-80.162334, 25.779725, -7.0],
          [-80.162439, 25.779799, -6.0],
          [-80.162543, 25.779873, -10.0],
          [-80.162647, 25.779948, -9.0],
          [-80.162751, 25.780023, -8.0],
          [-80.162855, 25.780099, -7.0],
          [-80.162958, 25.780174, -6.0],
          [-80.163061, 25.780251, -10.0],
          [-80.163163, 25.780327, -9.0],
          [-80.163265, 25.780404, -8.0],
          [-80.163367, 25.780482, -7.0],
          [-80.163468, 25.780560, -6.0],
          [-80.163569, 25.780638, -10.0],
          [-80.163669, 25.780717, -9.0],
          [-80.163769, 25.780796, -8.0],
          [-80.163869, 25.780875, -7.0],
          [-80.163968, 25.780955, -6.0],
          [-80.164067, 25.781035, -10.0],
          [-80.164166, 25.781116, -9.0],
          [-80.164264, 25.781197, -8.0],
          [-80.164362, 25.781278, -7.0],
          [-80.164459, 25.781360, -6.0],
          [-80.164556, 25.781442, -10.0],
          [-80.164653, 25.781525, -9.0],
          [-80.164749, 25.781608, -8.0],
          [-80.164845, 25.781691, -7.0],
          [-80.164940, 25.781775, -6.0],
          [-80.165035, 25.781859, -10.0],
          [-80.165130, 25.781943, -9.0],
          [-80.165224, 25.782028, -8.0],
          [-80.165318, 25.782113, -7.0],
          [-80.165411, 25.782199, -6.0],
          [-80.165504, 25.782285, -10.0],
          [-80.165597, 25.782371, -9.0],
          [-80.165689, 25.782457, -8.0],
          [-80.165780, 25.782544, -7.0],
          [-80.165872, 25.782632, -6.0],
          [-80.165962, 25.782719, -10.0],
          [-80.166053, 25.782807, -9.0],
          [-80.166143, 25.782896, -8.0],
          [-80.166232, 25.782985, -7.0],
          [-80.166321, 25.783074, -6.0],
          [-80.166410, 25.783163, -10.0],
          [-80.166498, 25.783253, -9.0],
          [-80.166586, 25.783343, -8.0],
          [-80.166673, 25.783434, -7.0],
          [-80.166760, 25.783525, -6.0],
          [-80.166847, 25.783616, -10.0],
          [-80.166933, 25.783707, -9.0],
          [-80.167018, 25.783799, -8.0],
          [-80.167104, 25.783891, -7.0],
          [-80.167188, 25.783984, -6.0],
          [-80.167273, 25.784077, -10.0],
          [-80.167356, 25.784170, -9.0],
          [-80.167440, 25.784263, -8.0],
          [-80.167523, 25.784357, -7.0],
          [-80.167605, 25.784451, -6.0],
          [-80.167687, 25.784546, -10.0],
          [-80.167769, 25.784641, -9.0],
          [-80.167850, 25.784736, -8.0],
          [-80.167930, 25.784831, -7.0],
          [-80.168010, 25.784927, -6.0],
          [-80.168090, 25.785023, -10.0],
          [-80.168169, 25.785119, -9.0],
          [-80.168248, 25.785216, -8.0],
          [-80.168326, 25.785313, -7.0],
          [-80.168404, 25.785411, -6.0],
          [-80.168481, 25.785508, -10.0],
          [-80.168558, 25.785606, -9.0],
          [-80.168635, 25.785704, -8.0],
          [-80.168711, 25.785803, -7.0],
          [-80.168786, 25.785902, -6.0],
          [-80.168861, 25.786001, -10.0],
          [-80.168935, 25.786100, -9.0],
          [-80.169009, 25.786200, -8.0],
          [-80.169083, 25.786300, -7.0],
          [-80.169156, 25.786400, -6.0],
          [-80.169228, 25.786501, -10.0],
          [-80.169301, 25.786602, -9.0],
          [-80.169372, 25.786703, -8.0],
          [-80.169443, 25.786804, -7.0],
          [-80.169514, 25.786906, -6.0],
          [-80.169584, 25.787008, -10.0],
          [-80.169653, 25.787110, -9.0],
          [-80.169722, 25.787212, -8.0],
          [-80.169791, 25.787315, -7.0],
          [-80.169859, 25.787418, -6.0],
          [-80.169927, 25.787522, -10.0],
          [-80.169994, 25.787625, -9.0],
          [-80.170060, 25.787729, -8.0],
          [-80.170126, 25.787833, -7.0],
          [-80.170192, 25.787938, -6.0],
          [-80.170257, 25.788042, -10.0],
          [-80.170322, 25.788147, -9.0],
          [-80.170386, 25.788252, -8.0],
          [-80.170449, 25.788358, -7.0],
          [-80.170512, 25.788463, -6.0],
          [-80.170575, 25.788569, -10.0],
          [-80.170637, 25.788675, -9.0],
          [-80.170698, 25.788781, -8.0],
          [-80.170759, 25.788888, -7.0],
          [-80.170820, 25.788995, -6.0]
        ]
      }
    },
    {
      "type": "Feature",
      "properties": {
        "timestamp": "2026-08-03T09:54:22",
        "speed_kmh": 48.00,
        "heading_deg": 259.2,
        "accel": [0.010, 0.000, 0.010],
        "run": 0,
        "outlier": false
      },
      "geometry": { "type": "Point", "coordinates": [-80.137971, 25.774408, -6.0] }
    },
    {
      "type": "Feature",
      "properties": {
        "timestamp": "2026-08-03T09:54:23",
        "speed_kmh": 48.00,
        "heading_deg": 259.5,
        "accel": [0.020, 0.000, 0.000],
        "run": 0,
        "outlier": false
      },
      "geometry": { "type": "Point", "coordinates": [-80.138102, 25.774386, -10.0] }
    },
    {
      "type": "Feature",
      "properties": {
        "timestamp": "2026-08-03T09:54:24",
        "speed_kmh": 48.00,
        "heading_deg": 259.8,
        "accel": [0.000, 0.000, 0.010],
        "run": 0,
        "outlier": false
      },
      "geometry": { "type": "Point", "coordinates": [-80.138233, 25.774364, -9.0] }
    },
    {
      "type": "Feature",
      "properties": {
        "timestamp": "2026-08-03T09:54:25",
        "speed_kmh": 48.00,
        "heading_deg": 260.0,
        "accel": [0.010, 0.000, 0.000],
        "run": 0,
        "outlier": false
      },
      "geometry": { "type": "Point", "coordinates": [-80.138364, 25.774344, -8.0] }
    },
    {
      "type": "Feature",
      "properties": {
        "timestamp": "2026-08-03T09:54:26",
        "speed_kmh": 48.00,
        "heading_deg": 260.2,
        "accel": [0.020, 0.000, 0.010],
        "run": 0,
        "outlier": false
      },
      "geometry": { "type": "Point", "coordinates": [-80.138495, 25.774323, -7.0] }
    },
    {
      "type": "Feature",
      "properties": {
        "timestamp": "2026-08-03T09:54:27",
        "speed_kmh": 48.00,
        "heading_deg": 260.5,
        "accel": [0.000, 0.000, 0.000],
        "run": 0,
        "outlier": false
      },
      "geometry": { "type": "Point", "coordinates": [-80.138626, 25.774304, -6.0] }
    },
    {
      "type": "Feature",
      "properties": {
        "timestamp": "2026-08-03T09:54:28",
        "speed_kmh": 48.00,
        "heading_deg": 260.8,
        "accel": [0.010, 0.000, 0.010],
        "run": 0,
        "outlier": false
      },
      "geometry": { "type": "Point", "coordinates": [-80.138758, 25.774284, -10.0] }
    },
    {
      "type": "Feature",
      "properties": {
        "timestamp": "2026-08-03T09:54:29",
        "speed_kmh": 48.00,
        "heading_deg": 261.0,
        "accel": [0.020, 0.000, 0.000],
        "run": 0,
        "outlier": false
      },
      "geometry": { "type": "Point", "coordinates": [-80.138889, 25.774265, -9.0] }
    },
    {
      "type": "Feature",
      "properties": {
        "timestamp": "2026-08-03T09:54:30",
        "speed_kmh": 48.00,
        "heading_deg": 261.2,
        "accel": [0.000, 0.000, 0.010],
        "run": 0,
        "outlier": false
      },
      "geometry": { "type": "Point", "coordinates": [-80.139021, 25.774247, -8.0] }
    },
    {
      "type": "Feature",
      "properties": {
        "timestamp": "2026-08-03T09:54:31",
        "speed_kmh": 48.00,
        "heading_deg": 261.5,
        "accel": [0.010, 0.000, 0.000],
        "run": 0,
        "outlier": false
      },
      "geometry": { "type": "Point", "coordinates": [-80.139153, 25.774230, -7.0] }
    },
    {
      "type": "Feature",
      "properties": {
        "timestamp": "2026-08-03T09:54:32",
        "speed_kmh": 48.00,
        "heading_deg": 261.8,
        "accel": [0.020, 0.000, 0.010],
        "run": 0,
        "outlier": false
      },
      "geometry": { "type": "Point", "coordinates": [-80.139284, 25.774212, -6.0] }
    },
    {
      "type": "Feature",
      "properties": {
        "timestamp": "2026-08-03T09:54:33",
        "speed_kmh": 48.00,
        "heading_deg": 262.0,
        "accel": [0.000, 0.000, 0.000],
        "run": 0,
        "outlier": false
      },
      "geometry": { "type": "Point", "coordinates": [-80.139416, 25.774196, -10.0] }
    },
    {
      "type": "Feature",
      "properties": {
        "timestamp": "2026-08-03T09:54:34",
        "speed_kmh": 48.00,
        "heading_deg": 262.2,
        "accel": [0.010, 0.000, 0.010],
        "run": 0,
        "outlier": false
      },
      "geometry": { "type": "Point", "coordinates": [-80.139548, 25.774179, -9.0] }
    },
    {
      "type": "Feature",
      "properties": {
        "timestamp": "2026-08-03T09:54:35",
        "speed_kmh": 48.00,
        "heading_deg": 262.5,
        "accel": [0.020, 0.000, 0.000],
        "run": 0,
        "outlier": false
      },
      "geometry": { "type": "Point", "coordinates": [-80.139680, 25.774164, -8.0] }
    },
    {
      "type": "Feature",
      "properties": {
        "timestamp": "2026-08-03T09:54:36",
        "speed_kmh": 48.00,
        "heading_deg": 262.8,
        "accel": [0.000, 0.000, 0.010],
        "run": 0,
        "outlier": false
      },
      "geometry": { "type": "Point", "coordinates": [-80.139812, 25.774149, -7.0] }
    },
    {
      "type": "Feature",
      "properties": {
        "timestamp": "2026-08-03T09:54:37",
        "speed_kmh": 48.00,
        "heading_deg": 263.0,
        "accel": [0.010, 0.000, 0.000],
        "run": 0,
        "outlier": false
      },
      "geometry": { "type": "Point", "coordinates": [-80.139945, 25.774134, -6.0] }
    },
    {
      "type": "Feature",
      "properties": {
        "timestamp": "2026-08-03T09:54:38",
        "speed_kmh": 48.00,
        "heading_deg": 263.2,
        "accel": [0.020, 0.000, 0.010],
        "run": 0,
        "outlier": false
      },
      "geometry": { "type": "Point", "coordinates": [-80.140077, 25.774120, -10.0] }
    },
    {
      "type": "Feature",
      "properties": {
        "timestamp": "2026-08-03T09:54:39",
        "speed_kmh": 48.00,
        "heading_deg": 263.5,
        "accel": [0.000, 0.000, 0.000],
        "run": 0,
        "outlier": false
      },
      "geometry": { "type": "Point", "coordinates": [-80.140209, 25.774106, -9.0] }
    },
    {
      "type": "Feature",
      "properties": {
        "timestamp": "2026-08-03T09:54:40",
        "speed_kmh": 48.00,
        "heading_deg": 263.8,
        "accel": [0.010, 0.000, 0.010],
        "run": 0,
        "outlier": false
      },
      "geometry": { "type": "Point", "coordinates": [-80.140341, 25.774093, -8.0] }
    },
    {
      "type": "Feature",
      "properties": {
        "timestamp": "2026-08-03T09:54:41",
        "speed_kmh": 48.00,
        "heading_deg": 264.0,
        "accel": [0.020, 0.000, 0.000],
        "run": 0,
        "outlier": false
      },
      "geometry": { "type": "Point", "coordinates": [-80.140474, 25.774081, -7.0] }
    },
    {
      "type": "Feature",
      "properties": {
        "timestamp": "2026-08-03T09:54:42",
        "speed_kmh": 48.00,
        "heading_deg": 264.2,
        "accel": [0.000, 0.000, 0.010],
        "run": 0,
        "outlier": false
      },
      "geometry": { "type": "Point", "coordinates": [-80.140606, 25.774069, -6.0] }
    },
    {
      "type": "Feature",
      "properties": {
        "timestamp": "2026-08-03T09:54:43",
        "speed_kmh": 48.00,
        "heading_deg": 264.5,
        "accel": [0.010, 0.000, 0.000],
        "run": 0,
        "outlier": false
      },
      "geometry": { "type": "Point", "coordinates": [-80.140739, 25.774057, -10.0] }
    },
    {
      "type": "Feature",
      "properties": {
        "timestamp": "2026-08-03T09:54:44",
        "speed_kmh": 48.00,
        "heading_deg": 264.8,
        "accel": [0.020, 0.000, 0.010],
        "run": 0,
        "outlier": false
      },
      "geometry": { "type": "Point", "coordinates": [-80.140872, 25.774046, -9.0] }
    },
    {
      "type": "Feature",
      "properties": {
        "timestamp": "2026-08-03T09:54:45",
        "speed_kmh": 48.00,
        "heading_deg": 265.0,
        "accel": [0.000, 0.000, 0.000],
        "run": 0,
        "outlier": false
      },
      "geometry": { "type": "Point", "coordinates": [-80.141004, 25.774036, -8.0] }
    },
    {
      "type": "Feature",
      "properties": {
        "timestamp": "2026-08-03T09:54:46",
        "speed_kmh": 48.00,
        "heading_deg": 265.2,
        "accel": [0.010, 0.000, 0.010],
        "run": 0,
        "outlier": false
      },
      "geometry": { "type": "Point", "coordinates": [-80.141137, 25.774026, -7.0] }
    },
    {
      "type": "Feature",
      "properties": {
        "timestamp": "2026-08-03T09:54:47",
        "speed_kmh": 48.00,
        "heading_deg": 265.5,
        "accel": [0.020, 0.000, 0.000],
        "run": 0,
        "outlier": false
      },
      "geometry": { "type": "Point", "coordinates": [-80.141270, 25.774017, -6.0] }
    },
    {
      "type": "Feature",
      "properties": {
        "timestamp": "2026-08-03T09:54:48",
        "speed_kmh": 48.00,
        "heading_deg": 265.8,
        "accel": [0.000, 0.000, 0.010],
        "run": 0,
        "outlier": false
      },
      "geometry": { "type": "Point", "coordinates": [-80.141402, 25.774008, -10.0] }
    },
    {
      "type": "Feature",
      "properties": {
        "timestamp": "2026-08-03T09:54:49",
        "speed_kmh": 48.00,
        "heading_deg": 266.0,
        "accel": [0.010, 0.000, 0.000],
        "run": 0,
        "outlier": false
      },
      "geometry": { "type": "Point", "coordinates": [-80.141535, 25.773999, -9.0] }
    },
    {
      "type": "Feature",
      "properties": {
        "timestamp": "2026-08-03T09:54:50",
        "speed_kmh": 48.00,
        "heading_deg": 266.2,
        "accel": [0.020, 0.000, 0.010],
        "run": 0,
        "outlier": false
      },
      "geometry": { "type": "Point", "coordinates": [-80.141668, 25.773991, -8.0] }
    },
    {
      "type": "Feature",
      "properties": {
        "timestamp": "2026-08-03T09:54:51",
        "speed_kmh": 48.00,
        "heading_deg": 266.5,
        "accel": [0.000, 0.000, 0.000],
        "run": 0,
        "outlier": false
      },
      "geometry": { "type": "Point", "coordinates": [-80.141801, 25.773984, -7.0] }
    },
    {
      "type": "Feature",
      "properties": {
        "timestamp": "2026-08-03T09:54:52",
        "speed_kmh": 48.00,
        "heading_deg": 266.8,
        "accel": [0.010, 0.000, 0.010],
        "run": 0,
        "outlier": false
      },
      "geometry": { "type": "Point", "coordinates": [-80.141934, 25.773977, -6.0] }
    },
    {
      "type": "Feature",
      "properties": {
        "timestamp": "2026-08-03T09:54:53",
        "speed_kmh": 48.00,
        "heading_deg": 267.0,
        "accel": [0.020, 0.000, 0.000],
        "run": 0,
        "outlier": false
      },
      "geometry": { "type": "Point", "coordinates": [-80.142067, 25.773971, -10.0] }
    },
    {
      "type": "Feature",
      "properties": {
        "timestamp": "2026-08-03T09:54:54",
        "speed_kmh": 48.00,
        "heading_deg": 267.2,
        "accel": [0.000, 0.000, 0.010],
        "run": 0,
        "outlier": false
      },
      "geometry": { "type": "Point", "coordinates": [-80.142200, 25.773965, -9.0] }
    },
    {
      "type": "Feature",
      "properties": {
        "timestamp": "2026-08-03T09:54:55",
        "speed_kmh": 48.00,
        "heading_deg": 267.5,
        "accel": [0.010, 0.000, 0.000],
        "run": 0,
        "outlier": false
      },
      "geometry": { "type": "Point", "coordinates": [-80.142333, 25.773960, -8.0] }
    },
    {
      "type": "Feature",
      "properties": {
        "timestamp": "2026-08-03T09:54:56",
        "speed_kmh": 48.00,
        "heading_deg": 267.8,
        "accel": [0.020, 0.000, 0.010],
        "run": 0,
        "outlier": false
      },
      "geometry": { "type": "Point", "coordinates": [-80.142466, 25.773955, -7.0] }
    },
    {
      "type": "Feature",
      "properties": {
        "timestamp": "2026-08-03T09:54:57",
        "speed_kmh": 48.00,
        "heading_deg": 268.0,
        "accel": [0.000, 0.000, 0.000],
        "run": 0,
        "outlier": false
      },
      "geometry": { "type": "Point", "coordinates": [-80.142599, 25.773951, -6.0] }
    },
    {
      "type": "Feature",
      "properties": {
        "timestamp": "2026-08-03T09:54:58",
        "speed_kmh": 48.00,
        "heading_deg": 268.2,
        "accel": [0.010, 0.000, 0.010],
        "run": 0,
        "outlier": false
      },
      "geometry": { "type": "Point", "coordinates": [-80.142732, 25.773948, -10.0] }
    },
    {
      "type": "Feature",
      "properties": {
        "timestamp": "2026-08-03T09:54:59",
        "speed_kmh": 48.00,
        "heading_deg": 268.5,
        "accel": [0.020, 0.000, 0.000],
        "run": 0,
        "outlier": false
      },
      "geometry": { "type": "Point", "coordinates": [-80.142865, 25.773944, -9.0] }
    },
    {
      "type": "Feature",
      "properties": {
        "timestamp": "2026-08-03T09:55:00",
        "speed_kmh": 48.00,
        "heading_deg": 268.8,
        "accel": [0.000, 0.000, 0.010],
        "run": 0,
        "outlier": false
      },
      "geometry": { "type": "Point", "coordinates": [-80.142998, 25.773942, -8.0] }
    },
    {
      "type": "Feature",
      "properties": {
        "timestamp": "2026-08-03T09:55:01",
        "speed_kmh": 48.00,
        "heading_deg": 269.0,
        "accel": [0.010, 0.000, 0.000],
        "run": 0,
        "outlier": false
      },
      "geometry": { "type": "Point", "coordinates": [-80.143132, 25.773940, -7.0] }
    },
    {
      "type": "Feature",
      "properties": {
        "timestamp": "2026-08-03T09:55:02",
        "speed_kmh": 48.00,
        "heading_deg": 269.2,
        "accel": [0.020, 0.000, 0.010],
        "run": 0,
        "outlier": false
      },
      "geometry": { "type": "Point", "coordinates": [-80.143265, 25.773938, -6.0] }
    },
    {
      "type": "Feature",
      "properties": {
        "timestamp": "2026-08-03T09:55:03",
        "speed_kmh": 48.00,
        "heading_deg": 269.5,
        "accel": [0.000, 0.000, 0.000],
        "run": 0,
        "outlier": false
      },
      "geometry": { "type": "Point", "coordinates": [-80.143398, 25.773937, -10.0] }
    },
    {
      "type": "Feature",
      "properties": {
        "timestamp": "2026-08-03T09:55:04",
        "speed_kmh": 48.00,
        "heading_deg": 269.8,
        "accel": [0.010, 0.000, 0.010],
        "run": 0,
        "outlier": false
      },
      "geometry": { "type": "Point", "coordinates": [-80.143531, 25.773937, -9.0] }
    },
    {
      "type": "Feature",
      "properties": {
        "timestamp": "2026-08-03T09:55:05",
        "speed_kmh": 48.00,
        "heading_deg": 270.0,
        "accel": [0.020, 0.000, 0.000],
        "run": 0,
        "outlier": false
      },
      "geometry": { "type": "Point", "coordinates": [-80.143664, 25.773937, -8.0] }
    },
    {
      "type": "Feature",
      "properties": {
        "timestamp": "2026-08-03T09:55:06",
        "speed_kmh": 48.00,
        "heading_deg": 270.2,
        "accel": [0.000, 0.000, 0.010],
        "run": 0,
        "outlier": false
      },
      "geometry": { "type": "Point", "coordinates": [-80.143797, 25.773937, -7.0] }
    },
    {
      "type": "Feature",
      "properties": {
        "timestamp": "2026-08-03T09:55:07",
        "speed_kmh": 48.00,
        "heading_deg": 270.5,
        "accel": [0.010, 0.000, 0.000],
        "run": 0,
        "outlier": false
      },
      "geometry": { "type": "Point", "coordinates": [-80.143930, 25.773938, -6.0] }
    },
    {
      "type": "Feature",
      "properties": {
        "timestamp": "2026-08-03T09:55:08",
        "speed_kmh": 48.00,
        "heading_deg": 270.8,
        "accel": [0.020, 0.000, 0.010],
        "run": 0,
        "outlier": false
      },
      "geometry": { "type": "Point", "coordinates": [-80.144064, 25.773940, -10.0] }
    },
    {
      "type": "Feature",
      "properties": {
        "timestamp": "2026-08-03T09:55:09",
        "speed_kmh": 48.00,
        "heading_deg": 271.0,
        "accel": [0.000, 0.000, 0.000],
        "run": 0,
        "outlier": false
      },
      "geometry": { "type": "Point", "coordinates": [-80.144197, 25.773942, -9.0] }
    },
    {
      "type": "Feature",
      "properties": {
        "timestamp": "2026-08-03T09:55:10",
        "speed_kmh": 48.00,
        "heading_deg": 271.2,
        "accel": [0.010, 0.000, 0.010],
        "run": 0,
        "outlier": false
      },
      "geometry": { "type": "Point", "coordinates": [-80.144330, 25.773944, -8.0] }
    },
    {
      "type": "Feature",
      "properties": {
        "timestamp": "2026-08-03T09:55:11",
        "speed_kmh": 48.00,
        "heading_deg": 271.5,
        "accel": [0.020, 0.000, 0.000],
        "run": 0,
        "outlier": false
      },
      "geometry": { "type": "Point", "coordinates": [-80.144463, 25.773948, -7.0] }
    },
    {
      "type": "Feature",
      "properties": {
        "timestamp": "2026-08-03T09:55:12",
        "speed_kmh": 48.00,
        "heading_deg": 271.8,
        "accel": [0.000, 0.000, 0.010],
        "run": 0,
        "outlier": false
      },
      "geometry": { "type": "Point", "coordinates": [-80.144596, 25.773951, -6.0] }
    },
    {
      "type": "Feature",
      "properties": {
        "timestamp": "2026-08-03T09:55:13",
        "speed_kmh": 48.00,
        "heading_deg": 272.0,
        "accel": [0.010, 0.000, 0.000],
        "run": 0,
        "outlier": false
      },
      "geometry": { "type": "Point", "coordinates": [-80.144729, 25.773955, -10.0] }
    },
    {
      "type": "Feature",
      "properties": {
        "timestamp": "2026-08-03T09:55:14",
        "speed_kmh": 48.00,
        "heading_deg": 272.2,
        "accel": [0.020, 0.000, 0.010],
        "run": 0,
        "outlier": false
      },
      "geometry": { "type": "Point", "coordinates": [-80.144862, 25.773960, -9.0] }
    },
    {
      "type": "Feature",
      "properties": {
        "timestamp": "2026-08-03T09:55:15",
        "speed_kmh": 48.00,
        "heading_deg": 272.5,
        "accel": [0.000, 0.000, 0.000],
        "run": 0,
        "outlier": false
      },
      "geometry": { "type": "Point", "coordinates": [-80.144995, 25.773965, -8.0] }
    },
    {
      "type": "Feature",
      "properties": {
        "timestamp": "2026-08-03T09:55:16",
        "speed_kmh": 48.00,
        "heading_deg": 272.8,
        "accel": [0.010, 0.000, 0.010],
        "run": 0,
        "outlier": false
      },
      "geometry": { "type": "Point", "coordinates": [-80.145128, 25.773971, -7.0] }
    },
    {
      "type": "Feature",
      "properties": {
        "timestamp": "2026-08-03T09:55:17",
        "speed_kmh": 48.00,
        "heading_deg": 273.0,
        "accel": [0.020, 0.000, 0.000],
        "run": 0,
        "outlier": false
      },
      "geometry": { "type": "Point", "coordinates": [-80.145261, 25.773977, -6.0] }
    },
    {
      "type": "Feature",
      "properties": {
        "timestamp": "2026-08-03T09:55:18",
        "speed_kmh": 48.00,
        "heading_deg": 273.2,
        "accel": [0.000, 0.000, 0.010],
        "run": 0,
        "outlier": false
      },
      "geometry": { "type": "Point", "coordinates": [-80.145394, 25.773984, -10.0] }
    },
    {
      "type": "Feature",
      "properties": {
        "timestamp": "2026-08-03T09:55:19",
        "speed_kmh": 48.00,
        "heading_deg": 273.5,
        "accel": [0.010, 0.000, 0.000],
        "run": 0,
        "outlier": false
      },
      "geometry": { "type": "Point", "coordinates": [-80.145527, 25.773991, -9.0] }
    },
    {
      "type": "Feature",
      "properties": {
        "timestamp": "2026-08-03T09:55:20",
        "speed_kmh": 48.00,
        "heading_deg": 273.8,
        "accel": [0.020, 0.000, 0.010],
        "run": 0,
        "outlier": false
      },
      "geometry": { "type": "Point", "coordinates": [-80.145660, 25.773999, -8.0] }
    },
    {
      "type": "Feature",
      "properties": {
        "timestamp": "2026-08-03T09:55:21",
        "speed_kmh": 48.00,
        "heading_deg": 274.0,
        "accel": [0.000, 0.000, 0.000],
        "run": 0,
        "outlier": false
      },
      "geometry": { "type": "Point", "coordinates": [-80.145793, 25.774008, -7.0] }
    },
    {
      "type": "Feature",
      "properties": {
        "timestamp": "2026-08-03T09:55:22",
        "speed_kmh": 48.00,
        "heading_deg": 274.2,
        "accel": [0.010, 0.000, 0.010],
        "run": 0,
        "outlier": false
      },
      "geometry": { "type": "Point", "coordinates": [-80.145926, 25.774017, -6.0] }
    },
    {
      "type": "Feature",
      "properties": {
        "timestamp": "2026-08-03T09:55:23",
        "speed_kmh": 48.00,
        "heading_deg": 274.5,
        "accel": [0.020, 0.000, 0.000],
        "run": 0,
        "outlier": false
      },
      "geometry": { "type": "Point", "coordinates": [-80.146058, 25.774026, -10.0] }
    },
    {
      "type": "Feature",
      "properties": {
        "timestamp": "2026-08-03T09:55:24",
        "speed_kmh": 48.00,
        "heading_deg": 274.8,
        "accel": [0.000, 0.000, 0.010],
        "run": 0,
        "outlier": false
      },
      "geometry": { "type": "Point", "coordinates": [-80.146191, 25.774036, -9.0] }
    },
    {
      "type": "Feature",
      "properties": {
        "timestamp": "2026-08-03T09:55:25",
        "speed_kmh": 48.00,
        "heading_deg": 275.0,
        "accel": [0.010, 0.000, 0.000],
        "run": 0,
        "outlier": false
      },
      "geometry": { "type": "Point", "coordinates": [-80.146324, 25.774046, -8.0] }
    },
    {
      "type": "Feature",
      "properties": {
        "timestamp": "2026-08-03T09:55:26",
        "speed_kmh": 48.00,
        "heading_deg": 275.2,
        "accel": [0.020, 0.000, 0.010],
        "run": 0,
        "outlier": false
      },
      "geometry": { "type": "Point", "coordinates": [-80.146456, 25.774057, -7.0] }
    },
    {
      "type": "Feature",
      "properties": {
        "timestamp": "2026-08-03T09:55:27",
        "speed_kmh": 48.00,
        "heading_deg": 275.5,
        "accel": [0.000, 0.000, 0.000],
        "run": 0,
        "outlier": false
      },
      "geometry": { "type": "Point", "coordinates": [-80.146589, 25.774069, -6.0] }
    },
    {
      "type": "Feature",
      "properties": {
        "timestamp": "2026-08-03T09:55:28",
        "speed_kmh": 48.00,
        "heading_deg": 275.8,
        "accel": [0.010, 0.000, 0.010],
        "run": 0,
        "outlier": false
      },
      "geometry": { "type": "Point", "coordinates": [-80.146721, 25.774081, -10.0] }
    },
    {
      "type": "Feature",
      "properties": {
        "timestamp": "2026-08-03T09:55:29",
        "speed_kmh": 48.00,
        "heading_deg": 276.0,
        "accel": [0.020, 0.000, 0.000],
        "run": 0,
        "outlier": false
      },
      "geometry": { "type": "Point", "coordinates": [-80.146854, 25.774093, -9.0] }
    },
    {
      "type": "Feature",
      "properties": {
        "timestamp": "2026-08-03T09:55:30",
        "speed_kmh": 48.00,
        "heading_deg": 276.2,
        "accel": [0.000, 0.000, 0.010],
        "run": 0,
        "outlier": false
      },
      "geometry": { "type": "Point", "coordinates": [-80.146986, 25.774106, -8.0] }
    },
    {
      "type": "Feature",
      "properties": {
        "timestamp": "2026-08-03T09:55:31",
        "speed_kmh": 48.00,
        "heading_deg": 276.5,
        "accel": [0.010, 0.000, 0.000],
        "run": 0,
        "outlier": false
      },
      "geometry": { "type": "Point", "coordinates": [-80.147118, 25.774120, -7.0] }
    },
    {
      "type": "Feature",
      "properties": {
        "timestamp": "2026-08-03T09:55:32",
        "speed_kmh": 48.00,
        "heading_deg": 276.8,
        "accel": [0.020, 0.000, 0.010],
        "run": 0,
        "outlier": false
      },
      "geometry": { "type": "Point", "coordinates": [-80.147251, 25.774134, -6.0] }
    },
    {
      "type": "Feature",
      "properties": {
        "timestamp": "2026-08-03T09:55:33",
        "speed_kmh": 48.00,
        "heading_deg": 277.0,
        "accel": [0.000, 0.000, 0.000],
        "run": 0,
        "outlier": false
      },
      "geometry": { "type": "Point", "coordinates": [-80.147383, 25.774149, -10.0] }
    },
    {
      "type": "Feature",
      "properties": {
        "timestamp": "2026-08-03T09:55:34",
        "speed_kmh": 48.00,
        "heading_deg": 277.2,
        "accel": [0.010, 0.000, 0.010],
        "run": 0,
        "outlier": false
      },
      "geometry": { "type": "Point", "coordinates": [-80.147515, 25.774164, -9.0] }
    },
    {
      "type": "Feature",
      "properties": {
        "timestamp": "2026-08-03T09:55:35",
        "speed_kmh": 48.00,
        "heading_deg": 277.5,
        "accel": [0.020, 0.000, 0.000],
        "run": 0,
        "outlier": false
      },
      "geometry": { "type": "Point", "coordinates": [-80.147647, 25.774179, -8.0] }
    },
    {
      "type": "Feature",
      "properties": {
        "timestamp": "2026-08-03T09:55:36",
        "speed_kmh": 48.00,
        "heading_deg": 277.8,
        "accel": [0.000, 0.000, 0.010],
        "run": 0,
        "outlier": false
      },
      "geometry": { "type": "Point", "coordinates": [-80.147779, 25.774196, -7.0] }
    },
    {
      "type": "Feature",
      "properties": {
        "timestamp": "2026-08-03T09:55:37",
        "speed_kmh": 48.00,
        "heading_deg": 278.0,
        "accel": [0.010, 0.000, 0.000],
        "run": 0,
        "outlier": false
      },
      "geometry": { "type": "Point", "coordinates": [-80.147911, 25.774212, -6.0] }
    },
    {
      "type": "Feature",
      "properties": {
        "timestamp": "2026-08-03T09:55:38",
        "speed_kmh": 48.00,
        "heading_deg": 278.2,
        "accel": [0.020, 0.000, 0.010],
        "run": 0,
        "outlier": false
      },
      "geometry": { "type": "Point", "coordinates": [-80.148042, 25.774230, -10.0] }
    },
    {
      "type": "Feature",
      "properties": {
        "timestamp": "2026-08-03T09:55:39",
        "speed_kmh": 48.00,
        "heading_deg": 278.5,
        "accel": [0.000, 0.000, 0.000],
        "run": 0,
        "outlier": false
      },
      "geometry": { "type": "Point", "coordinates": [-80.148174, 25.774247, -9.0] }
    },
    {
      "type": "Feature",
      "properties": {
        "timestamp": "2026-08-03T09:55:40",
        "speed_kmh": 48.00,
        "heading_deg": 278.8,
        "accel": [0.010, 0.000, 0.010],
        "run": 0,
        "outlier": false
      },
      "geometry": { "type": "Point", "coordinates": [-80.148306, 25.774265, -8.0] }
    },
    {
      "type": "Feature",
      "properties": {
        "timestamp": "2026-08-03T09:55:41",
        "speed_kmh": 48.00,
        "heading_deg": 279.0,
        "accel": [0.020, 0.000, 0.000],
        "run": 0,
        "outlier": false
      },
      "geometry": { "type": "Point", "coordinates": [-80.148437, 25.774284, -7.0] }
    },
    {
      "type": "Feature",
      "properties": {
        "timestamp": "2026-08-03T09:55:42",
        "speed_kmh": 48.00,
        "heading_deg": 279.2,
        "accel": [0.000, 0.000, 0.010],
        "run": 0,
        "outlier": false
      },
      "geometry": { "type": "Point", "coordinates": [-80.148569, 25.774304, -6.0] }
    },
    {
      "type": "Feature",
      "properties": {
        "timestamp": "2026-08-03T09:55:43",
        "speed_kmh": 48.00,
        "heading_deg": 279.5,
        "accel": [0.010, 0.000, 0.000],
        "run": 0,
        "outlier": false
      },
      "geometry": { "type": "Point", "coordinates": [-80.148700, 25.774323, -10.0] }
    },
    {
      "type": "Feature",
      "properties": {
        "timestamp": "2026-08-03T09:55:44",
        "speed_kmh": 48.00,
        "heading_deg": 279.8,
        "accel": [0.020, 0.000, 0.010],
        "run": 0,
        "outlier": false
      },
      "geometry": { "type": "Point", "coordinates": [-80.148831, 25.774344, -9.0] }
    },
    {
      "type": "Feature",
      "properties": {
        "timestamp": "2026-08-03T09:55:45",
        "speed_kmh": 48.00,
        "heading_deg": 280.0,
        "accel": [0.000, 0.000, 0.000],
        "run": 0,
        "outlier": false
      },
      "geometry": { "type": "Point", "coordinates": [-80.148962, 25.774364, -8.0] }
    },
    {
      "type": "Feature",
      "properties": {
        "timestamp": "2026-08-03T09:55:46",
        "speed_kmh": 48.00,
        "heading_deg": 280.2,
        "accel": [0.010, 0.000, 0.010],
        "run": 0,
        "outlier": false
      },
      "geometry": { "type": "Point", "coordinates": [-80.149093, 25.774386, -7.0] }
    },
    {
      "type": "Feature",
      "properties": {
        "timestamp": "2026-08-03T09:55:47",
        "speed_kmh": 48.00,
        "heading_deg": 280.5,
        "accel": [0.020, 0.000, 0.000],
        "run": 0,
        "outlier": false
      },
      "geometry": { "type": "Point", "coordinates": [-80.149224, 25.774408, -6.0] }
    },
    {
      "type": "Feature",
      "properties": {
        "timestamp": "2026-08-03T09:55:48",
        "speed_kmh": 48.00,
        "heading_deg": 280.8,
        "accel": [0.000, 0.000, 0.010],
        "run": 0,
        "outlier": false
      },
      "geometry": { "type": "Point", "coordinates": [-80.149355, 25.774430, -10.0] }
    },
    {
      "type": "Feature",
      "properties": {
        "timestamp": "2026-08-03T09:55:49",
        "speed_kmh": 48.00,
        "heading_deg": 281.0,
        "accel": [0.010, 0.000, 0.000],
        "run": 0,
        "outlier": false
      },
      "geometry": { "type": "Point", "coordinates": [-80.149486, 25.774453, -9.0] }
    },
    {
      "type": "Feature",
      "properties": {
        "timestamp": "2026-08-03T09:55:50",
        "speed_kmh": 48.00,
        "heading_deg": 281.2,
        "accel": [0.020, 0.000, 0.010],
        "run": 0,
        "outlier": false
      },
      "geometry": { "type": "Point", "coordinates": [-80.149616, 25.774476, -8.0] }
    },
    {
      "type": "Feature",
      "properties": {
        "timestamp": "2026-08-03T09:55:51",
        "speed_kmh": 48.00,
        "heading_deg": 281.5,
        "accel": [0.000, 0.000, 0.000],
        "run": 0,
        "outlier": false
      },
      "geometry": { "type": "Point", "coordinates": [-80.149747, 25.774500, -7.0] }
    },
    {
      "type": "Feature",
      "properties": {
        "timestamp": "2026-08-03T09:55:52",
        "speed_kmh": 48.00,
        "heading_deg": 281.8,
        "accel": [0.010, 0.000, 0.010],
        "run": 0,
        "outlier": false
      },
      "geometry": { "type": "Point", "coordinates": [-80.149877, 25.774525, -6.0] }
    },
    {
      "type": "Feature",
      "properties": {
        "timestamp": "2026-08-03T09:55:53",
        "speed_kmh": 48.00,
        "heading_deg": 282.0,
        "accel": [0.020, 0.000, 0.000],
        "run": 0,
        "outlier": false
      },
      "geometry": { "type": "Point", "coordinates": [-80.150008, 25.774550, -10.0] }
    },
    {
      "type": "Feature",
      "properties": {
        "timestamp": "2026-08-03T09:55:54",
        "speed_kmh": 48.00,
        "heading_deg": 282.2,
        "accel": [0.000, 0.000, 0.010],
        "run": 0,
        "outlier": false
      },
      "geometry": { "type": "Point", "coordinates": [-80.150138, 25.774575, -9.0] }
    },
    {
      "type": "Feature",
      "properties": {
        "timestamp": "2026-08-03T09:55:55",
        "speed_kmh": 48.00,
        "heading_deg": 282.5,
        "accel": [0.010, 0.000, 0.000],
        "run": 0,
        "outlier": false
      },
      "geometry": { "type": "Point", "coordinates": [-80.150268, 25.774601, -8.0] }
    },
    {
      "type": "Feature",
      "properties": {
        "timestamp": "2026-08-03T09:55:56",
        "speed_kmh": 48.00,
        "heading_deg": 282.8,
        "accel": [0.020, 0.000, 0.010],
        "run": 0,
        "outlier": false
      },
      "geometry": { "type": "Point", "coordinates": [-80.150398, 25.774627, -7.0] }
    },
    {
      "type": "Feature",
      "properties": {
        "timestamp": "2026-08-03T09:55:57",
        "speed_kmh": 48.00,
        "heading_deg": 283.0,
        "accel": [0.000, 0.000, 0.000],
        "run": 0,
        "outlier": false
      },
      "geometry": { "type": "Point", "coordinates": [-80.150527, 25.774654, -6.0] }
    },
    {
      "type": "Feature",
      "properties": {
        "timestamp": "2026-08-03T09:55:58",
        "speed_kmh": 48.00,
        "heading_deg": 283.2,
        "accel": [0.010, 0.000, 0.010],
        "run": 0,
        "outlier": false
      },
      "geometry": { "type": "Point", "coordinates": [-80.150657, 25.774682, -10.0] }
    },
    {
      "type": "Feature",
      "properties": {
        "timestamp": "2026-08-03T09:55:59",
        "speed_kmh": 48.00,
        "heading_deg": 283.5,
        "accel": [0.020, 0.000, 0.000],
        "run": 0,
        "outlier": false
      },
      "geometry": { "type": "Point", "coordinates": [-80.150786, 25.774710, -9.0] }
    },
    {
      "type": "Feature",
      "properties": {
        "timestamp": "2026-08-03T09:56:00",
        "speed_kmh": 48.00,
        "heading_deg": 283.8,
        "accel": [0.000, 0.000, 0.010],
        "run": 0,
        "outlier": false
      },
      "geometry": { "type": "Point", "coordinates": [-80.150916, 25.774738, -8.0] }
    },
    {
      "type": "Feature",
      "properties": {
        "timestamp": "2026-08-03T09:56:01",
        "speed_kmh": 48.00,
        "heading_deg": 284.0,
        "accel": [0.010, 0.000, 0.000],
        "run": 0,
        "outlier": false
      },
      "geometry": { "type": "Point", "coordinates": [-80.151045, 25.774767, -7.0] }
    },
    {
      "type": "Feature",
      "properties": {
        "timestamp": "2026-08-03T09:56:02",
        "speed_kmh": 48.00,
        "heading_deg": 284.2,
        "accel": [0.020, 0.000, 0.010],
        "run": 0,
        "outlier": false
      },
      "geometry": { "type": "Point", "coordinates": [-80.151174, 25.774797, -6.0] }
    },
    {
      "type": "Feature",
      "properties": {
        "timestamp": "2026-08-03T09:56:03",
        "speed_kmh": 48.00,
        "heading_deg": 284.5,
        "accel": [0.000, 0.000, 0.000],
        "run": 0,
        "outlier": false
      },
      "geometry": { "type": "Point", "coordinates": [-80.151303, 25.774827, -10.0] }
    },
    {
      "type": "Feature",
      "properties": {
        "timestamp": "2026-08-03T09:56:04",
        "speed_kmh": 48.00,
        "heading_deg": 284.8,
        "accel": [0.010, 0.000, 0.010],
        "run": 0,
        "outlier": false
      },
      "geometry": { "type": "Point", "coordinates": [-80.151432, 25.774857, -9.0] }
    },
    {
      "type": "Feature",
      "properties": {
        "timestamp": "2026-08-03T09:56:05",
        "speed_kmh": 48.00,
        "heading_deg": 285.0,
        "accel": [0.020, 0.000, 0.000],
        "run": 0,
        "outlier": false
      },
      "geometry": { "type": "Point", "coordinates": [-80.151560, 25.774888, -8.0] }
    },
    {
      "type": "Feature",
      "properties": {
        "timestamp": "2026-08-03T09:56:06",
        "speed_kmh": 48.00,
        "heading_deg": 285.2,
        "accel": [0.000, 0.000, 0.010],
        "run": 0,
        "outlier": false
      },
      "geometry": { "type": "Point", "coordinates": [-80.151689, 25.774920, -7.0] }
    },
    {
      "type": "Feature",
      "properties": {
        "timestamp": "2026-08-03T09:56:07",
        "speed_kmh": 48.00,
        "heading_deg": 285.5,
        "accel": [0.010, 0.000, 0.000],
        "run": 0,
        "outlier": false
      },
      "geometry": { "type": "Point", "coordinates": [-80.151817, 25.774952, -6.0] }
    },
    {
      "type": "Feature",
      "properties": {
        "timestamp": "2026-08-03T09:56:08",
        "speed_kmh": 48.00,
        "heading_deg": 285.8,
        "accel": [0.020, 0.000, 0.010],
        "run": 0,
        "outlier": false
      },
      "geometry": { "type": "Point", "coordinates": [-80.151945, 25.774985, -10.0] }
    },
    {
      "type": "Feature",
      "properties": {
        "timestamp": "2026-08-03T09:56:09",
        "speed_kmh": 48.00,
        "heading_deg": 286.0,
        "accel": [0.000, 0.000, 0.000],
        "run": 0,
        "outlier": false
      },
      "geometry": { "type": "Point", "coordinates": [-80.152073, 25.775018, -9.0] }
    },
    {
      "type": "Feature",
      "properties": {
        "timestamp": "2026-08-03T09:56:10",
        "speed_kmh": 48.00,
        "heading_deg": 286.2,
        "accel": [0.010, 0.000, 0.010],
        "run": 0,
        "outlier": false
      },
      "geometry": { "type": "Point", "coordinates": [-80.152201, 25.775051, -8.0] }
    },
    {
      "type": "Feature",
      "properties": {
        "timestamp": "2026-08-03T09:56:11",
        "speed_kmh": 48.00,
        "heading_deg": 286.5,
        "accel": [0.020, 0.000, 0.000],
        "run": 0,
        "outlier": false
      },
      "geometry": { "type": "Point", "coordinates": [-80.152329, 25.775085, -7.0] }
    },
    {
      "type": "Feature",
      "properties": {
        "timestamp": "2026-08-03T09:56:12",
        "speed_kmh": 48.00,
        "heading_deg": 286.8,
        "accel": [0.000, 0.000, 0.010],
        "run": 0,
        "outlier": false
      },
      "geometry": { "type": "Point", "coordinates": [-80.152456, 25.775120, -6.0] }
    },
    {
      "type": "Feature",
      "properties": {
        "timestamp": "2026-08-03T09:56:13",
        "speed_kmh": 48.00,
        "heading_deg": 287.0,
        "accel": [0.010, 0.000, 0.000],
        "run": 0,
        "outlier": false
      },
      "geometry": { "type": "Point", "coordinates": [-80.152584, 25.775155, -10.0] }
    },
    {
      "type": "Feature",
      "properties": {
        "timestamp": "2026-08-03T09:56:14",
        "speed_kmh": 48.00,
        "heading_deg": 287.2,
        "accel": [0.020, 0.000, 0.010],
        "run": 0,
        "outlier": false
      },
      "geometry": { "type": "Point", "coordinates": [-80.152711, 25.775190, -9.0] }
    },
    {
      "type": "Feature",
      "properties": {
        "timestamp": "2026-08-03T09:56:15",
        "speed_kmh": 48.00,
        "heading_deg": 287.5,
        "accel": [0.000, 0.000, 0.000],
        "run": 0,
        "outlier": false
      },
      "geometry": { "type": "Point", "coordinates": [-80.152838, 25.775226, -8.0] }
    },
    {
      "type": "Feature",
      "properties": {
        "timestamp": "2026-08-03T09:56:16",
        "speed_kmh": 48.00,
        "heading_deg": 287.8,
        "accel": [0.010, 0.000, 0.010],
        "run": 0,
        "outlier": false
      },
      "geometry": { "type": "Point", "coordinates": [-80.152965, 25.775263, -7.0] }
    },
    {
      "type": "Feature",
      "properties": {
        "timestamp": "2026-08-03T09:56:17",
        "speed_kmh": 48.00,
        "heading_deg": 288.0,
        "accel": [0.020, 0.000, 0.000],
        "run": 0,
        "outlier": false
      },
      "geometry": { "type": "Point", "coordinates": [-80.153091, 25.775300, -6.0] }
    },
    {
      "type": "Feature",
      "properties": {
        "timestamp": "2026-08-03T09:56:18",
        "speed_kmh": 48.00,
        "heading_deg": 288.2,
        "accel": [0.000, 0.000, 0.010],
        "run": 0,
        "outlier": false
      },
      "geometry": { "type": "Point", "coordinates": [-80.153218, 25.775338, -10.0] }
    },
    {
      "type": "Feature",
      "properties": {
        "timestamp": "2026-08-03T09:56:19",
        "speed_kmh": 48.00,
        "heading_deg": 288.5,
        "accel": [0.010, 0.000, 0.000],
        "run": 0,
        "outlier": false
      },
      "geometry": { "type": "Point", "coordinates": [-80.153344, 25.775376, -9.0] }
    },
    {
      "type": "Feature",
      "properties": {
        "timestamp": "2026-08-03T09:56:20",
        "speed_kmh": 48.00,
        "heading_deg": 288.8,
        "accel": [0.020, 0.000, 0.010],
        "run": 0,
        "outlier": false
      },
      "geometry": { "type": "Point", "coordinates": [-80.153470, 25.775414, -8.0] }
    },
    {
      "type": "Feature",
      "properties": {
        "timestamp": "2026-08-03T09:56:21",
        "speed_kmh": 48.00,
        "heading_deg": 289.0,
        "accel": [0.000, 0.000, 0.000],
        "run": 0,
        "outlier": false
      },
      "geometry": { "type": "Point", "coordinates": [-80.153596, 25.775453, -7.0] }
    },
    {
      "type": "Feature",
      "properties": {
        "timestamp": "2026-08-03T09:56:22",
        "speed_kmh": 48.00,
        "heading_deg": 289.2,
        "accel": [0.010, 0.000, 0.010],
        "run": 0,
        "outlier": false
      },
      "geometry": { "type": "Point", "coordinates": [-80.153722, 25.775493, -6.0] }
    },
    {
      "type": "Feature",
      "properties": {
        "timestamp": "2026-08-03T09:56:23",
        "speed_kmh": 48.00,
        "heading_deg": 289.5,
        "accel": [0.020, 0.000, 0.000],
        "run": 0,
        "outlier": false
      },
      "geometry": { "type": "Point", "coordinates": [-80.153847, 25.775533, -10.0] }
    },
    {
      "type": "Feature",
      "properties": {
        "timestamp": "2026-08-03T09:56:24",
        "speed_kmh": 48.00,
        "heading_deg": 289.8,
        "accel": [0.000, 0.000, 0.010],
        "run": 0,
        "outlier": false
      },
      "geometry": { "type": "Point", "coordinates": [-80.153973, 25.775573, -9.0] }
    },
    {
      "type": "Feature",
      "properties": {
        "timestamp": "2026-08-03T09:56:25",
        "speed_kmh": 48.00,
        "heading_deg": 290.0,
        "accel": [0.010, 0.000, 0.000],
        "run": 0,
        "outlier": false
      },
      "geometry": { "type": "Point", "coordinates": [-80.154098, 25.775614, -8.0] }
    },
    {
      "type": "Feature",
      "properties": {
        "timestamp": "2026-08-03T09:56:26",
        "speed_kmh": 48.00,
        "heading_deg": 290.2,
        "accel": [0.020, 0.000, 0.010],
        "run": 0,
        "outlier": false
      },
      "geometry": { "type": "Point", "coordinates": [-80.154223, 25.775656, -7.0] }
    },
    {
      "type": "Feature",
      "properties": {
        "timestamp": "2026-08-03T09:56:27",
        "speed_kmh": 48.00,
        "heading_deg": 290.5,
        "accel": [0.000, 0.000, 0.000],
        "run": 0,
        "outlier": false
      },
      "geometry": { "type": "Point", "coordinates": [-80.154347, 25.775698, -6.0] }
    },
    {
      "type": "Feature",
      "properties": {
        "timestamp": "2026-08-03T09:56:28",
        "speed_kmh": 48.00,
        "heading_deg": 290.8,
        "accel": [0.010, 0.000, 0.010],
        "run": 0,
        "outlier": false
      },
      "geometry": { "type": "Point", "coordinates": [-80.154472, 25.775740, -10.0] }
    },
    {
      "type": "Feature",
      "properties": {
        "timestamp": "2026-08-03T09:56:29",
        "speed_kmh": 48.00,
        "heading_deg": 291.0,
        "accel": [0.020, 0.000, 0.000],
        "run": 0,
        "outlier": false
      },
      "geometry": { "type": "Point", "coordinates": [-80.154596, 25.775783, -9.0] }
    },
    {
      "type": "Feature",
      "properties": {
        "timestamp": "2026-08-03T09:56:30",
        "speed_kmh": 48.00,
        "heading_deg": 291.2,
        "accel": [0.000, 0.000, 0.010],
        "run": 0,
        "outlier": false
      },
      "geometry": { "type": "Point", "coordinates": [-80.154720, 25.775827, -8.0] }
    },
    {
      "type": "Feature",
      "properties": {
        "timestamp": "2026-08-03T09:56:31",
        "speed_kmh": 48.00,
        "heading_deg": 291.5,
        "accel": [0.010, 0.000, 0.000],
        "run": 0,
        "outlier": false
      },
      "geometry": { "type": "Point", "coordinates": [-80.154844, 25.775871, -7.0] }
    },
    {
      "type": "Feature",
      "properties": {
        "timestamp": "2026-08-03T09:56:32",
        "speed_kmh": 48.00,
        "heading_deg": 291.8,
        "accel": [0.020, 0.000, 0.010],
        "run": 0,
        "outlier": false
      },
      "geometry": { "type": "Point", "coordinates": [-80.154968, 25.775915, -6.0] }
    },
    {
      "type": "Feature",
      "properties": {
        "timestamp": "2026-08-03T09:56:33",
        "speed_kmh": 48.00,
        "heading_deg": 292.0,
        "accel": [0.000, 0.000, 0.000],
        "run": 0,
        "outlier": false
      },
      "geometry": { "type": "Point", "coordinates": [-80.155091, 25.775960, -10.0] }
    },
    {
      "type": "Feature",
      "properties": {
        "timestamp": "2026-08-03T09:56:34",
        "speed_kmh": 48.00,
        "heading_deg": 292.2,
        "accel": [0.010, 0.000, 0.010],
        "run": 0,
        "outlier": false
      },
      "geometry": { "type": "Point", "coordinates": [-80.155215, 25.776005, -9.0] }
    },
    {
      "type": "Feature",
      "properties": {
        "timestamp": "2026-08-03T09:56:35",
        "speed_kmh": 48.00,
        "heading_deg": 292.5,
        "accel": [0.020, 0.000, 0.000],
        "run": 0,
        "outlier": false
      },
      "geometry": { "type": "Point", "coordinates": [-80.155338, 25.776051, -8.0] }
    },
    {
      "type": "Feature",
      "properties": {
        "timestamp": "2026-08-03T09:56:36",
        "speed_kmh": 48.00,
        "heading_deg": 292.8,
        "accel": [0.000, 0.000, 0.010],
        "run": 0,
        "outlier": false
      },
      "geometry": { "type": "Point", "coordinates": [-80.155460, 25.776098, -7.0] }
    },
    {
      "type": "Feature",
      "properties": {
        "timestamp": "2026-08-03T09:56:37",
        "speed_kmh": 48.00,
        "heading_deg": 293.0,
        "accel": [0.010, 0.000, 0.000],
        "run": 0,
        "outlier": false
      },
      "geometry": { "type": "Point", "coordinates": [-80.155583, 25.776145, -6.0] }
    },
    {
      "type": "Feature",
      "properties": {
        "timestamp": "2026-08-03T09:56:38",
        "speed_kmh": 48.00,
        "heading_deg": 293.2,
        "accel": [0.020, 0.000, 0.010],
        "run": 0,
        "outlier": false
      },
      "geometry": { "type": "Point", "coordinates": [-80.155705, 25.776192, -10.0] }
    },
    {
      "type": "Feature",
      "properties": {
        "timestamp": "2026-08-03T09:56:39",
        "speed_kmh": 48.00,
        "heading_deg": 293.5,
        "accel": [0.000, 0.000, 0.000],
        "run": 0,
        "outlier": false
      },
      "geometry": { "type": "Point", "coordinates": [-80.155827, 25.776240, -9.0] }
    },
    {
      "type": "Feature",
      "properties": {
        "timestamp": "2026-08-03T09:56:40",
        "speed_kmh": 48.00,
        "heading_deg": 293.8,
        "accel": [0.010, 0.000, 0.010],
        "run": 0,
        "outlier": false
      },
      "geometry": { "type": "Point", "coordinates": [-80.155949, 25.776288, -8.0] }
    },
    {
      "type": "Feature",
      "properties": {
        "timestamp": "2026-08-03T09:56:41",
        "speed_kmh": 48.00,
        "heading_deg": 294.0,
        "accel": [0.020, 0.000, 0.000],
        "run": 0,
        "outlier": false
      },
      "geometry": { "type": "Point", "coordinates": [-80.156071, 25.776337, -7.0] }
    },
    {
      "type": "Feature",
      "properties": {
        "timestamp": "2026-08-03T09:56:42",
        "speed_kmh": 48.00,
        "heading_deg": 294.2,
        "accel": [0.000, 0.000, 0.010],
        "run": 0,
        "outlier": false
      },
      "geometry": { "type": "Point", "coordinates": [-80.156192, 25.776386, -6.0] }
    },
    {
      "type": "Feature",
      "properties": {
        "timestamp": "2026-08-03T09:56:43",
        "speed_kmh": 48.00,
        "heading_deg": 294.5,
        "accel": [0.010, 0.000, 0.000],
        "run": 0,
        "outlier": false
      },
      "geometry": { "type": "Point", "coordinates": [-80.156314, 25.776436, -10.0] }
    },
    {
      "type": "Feature",
      "properties": {
        "timestamp": "2026-08-03T09:56:44",
        "speed_kmh": 48.00,
        "heading_deg": 294.8,
        "accel": [0.020, 0.000, 0.010],
        "run": 0,
        "outlier": false
      },
      "geometry": { "type": "Point", "coordinates": [-80.156434, 25.776486, -9.0] }
    },
    {
      "type": "Feature",
      "properties": {
        "timestamp": "2026-08-03T09:56:45",
        "speed_kmh": 48.00,
        "heading_deg": 295.0,
        "accel": [0.000, 0.000, 0.000],
        "run": 0,
        "outlier": false
      },
      "geometry": { "type": "Point", "coordinates": [-80.156555, 25.776537, -8.0] }
    },
    {
      "type": "Feature",
      "properties": {
        "timestamp": "2026-08-03T09:56:46",
        "speed_kmh": 48.00,
        "heading_deg": 295.2,
        "accel": [0.010, 0.000, 0.010],
        "run": 0,
        "outlier": false
      },
      "geometry": { "type": "Point", "coordinates": [-80.156676, 25.776588, -7.0] }
    },
    {
      "type": "Feature",
      "properties": {
        "timestamp": "2026-08-03T09:56:47",
        "speed_kmh": 48.00,
        "heading_deg": 295.5,
        "accel": [0.020, 0.000, 0.000],
        "run": 0,
        "outlier": false
      },
      "geometry": { "type": "Point", "coordinates": [-80.156796, 25.776639, -6.0] }
    },
    {
      "type": "Feature",
      "properties": {
        "timestamp": "2026-08-03T09:56:48",
        "speed_kmh": 48.00,
        "heading_deg": 295.8,
        "accel": [0.000, 0.000, 0.010],
        "run": 0,
        "outlier": false
      },
      "geometry": { "type": "Point", "coordinates": [-80.156916, 25.776692, -10.0] }
    },
    {
      "type": "Feature",
      "properties": {
        "timestamp": "2026-08-03T09:56:49",
        "speed_kmh": 48.00,
        "heading_deg": 296.0,
        "accel": [0.010, 0.000, 0.000],
        "run": 0,
        "outlier": false
      },
      "geometry": { "type": "Point", "coordinates": [-80.157035, 25.776744, -9.0] }
    },
    {
      "type": "Feature",
      "properties": {
        "timestamp": "2026-08-03T09:56:50",
        "speed_kmh": 48.00,
        "heading_deg": 296.2,
        "accel": [0.020, 0.000, 0.010],
        "run": 0,
        "outlier": false
      },
      "geometry": { "type": "Point", "coordinates": [-80.157155, 25.776797, -8.0] }
    },
    {
      "type": "Feature",
      "properties": {
        "timestamp": "2026-08-03T09:56:51",
        "speed_kmh": 48.00,
        "heading_deg": 296.5,
        "accel": [0.000, 0.000, 0.000],
        "run": 0,
        "outlier": false
      },
      "geometry": { "type": "Point", "coordinates": [-80.157274, 25.776851, -7.0] }
    },
    {
      "type": "Feature",
      "properties": {
        "timestamp": "2026-08-03T09:56:52",
        "speed_kmh": 48.00,
        "heading_deg": 296.8,
        "accel": [0.010, 0.000, 0.010],
        "run": 0,
        "outlier": false
      },
      "geometry": { "type": "Point", "coordinates": [-80.157393, 25.776905, -6.0] }
    },
    {
      "type": "Feature",
      "properties": {
        "timestamp": "2026-08-03T09:56:53",
        "speed_kmh": 48.00,
        "heading_deg": 297.0,
        "accel": [0.020, 0.000, 0.000],
        "run": 0,
        "outlier": false
      },
      "geometry": { "type": "Point", "coordinates": [-80.157512, 25.776959, -10.0] }
    },
    {
      "type": "Feature",
      "properties": {
        "timestamp": "2026-08-03T09:56:54",
        "speed_kmh": 48.00,
        "heading_deg": 297.2,
        "accel": [0.000, 0.000, 0.010],
        "run": 0,
        "outlier": false
      },
      "geometry": { "type": "Point", "coordinates": [-80.157630, 25.777014, -9.0] }
    },
    {
      "type": "Feature",
      "properties": {
        "timestamp": "2026-08-03T09:56:55",
        "speed_kmh": 48.00,
        "heading_deg": 297.5,
        "accel": [0.010, 0.000, 0.000],
        "run": 0,
        "outlier": false
      },
      "geometry": { "type": "Point", "coordinates": [-80.157748, 25.777069, -8.0] }
    },
    {
      "type": "Feature",
      "properties": {
        "timestamp": "2026-08-03T09:56:56",
        "speed_kmh": 48.00,
        "heading_deg": 297.8,
        "accel": [0.020, 0.000, 0.010],
        "run": 0,
        "outlier": false
      },
      "geometry": { "type": "Point", "coordinates": [-80.157866, 25.777125, -7.0] }
    },
    {
      "type": "Feature",
      "properties": {
        "timestamp": "2026-08-03T09:56:57",
        "speed_kmh": 48.00,
        "heading_deg": 298.0,
        "accel": [0.000, 0.000, 0.000],
        "run": 0,
        "outlier": false
      },
      "geometry": { "type": "Point", "coordinates": [-80.157983, 25.777181, -6.0] }
    },
    {
      "type": "Feature",
      "properties": {
        "timestamp": "2026-08-03T09:56:58",
        "speed_kmh": 48.00,
        "heading_deg": 298.2,
        "accel": [0.010, 0.000, 0.010],
        "run": 0,
        "outlier": false
      },
      "geometry": { "type": "Point", "coordinates": [-80.158101, 25.777238, -10.0] }
    },
    {
      "type": "Feature",
      "properties": {
        "timestamp": "2026-08-03T09:56:59",
        "speed_kmh": 48.00,
        "heading_deg": 298.5,
        "accel": [0.020, 0.000, 0.000],
        "run": 0,
        "outlier": false
      },
      "geometry": { "type": "Point", "coordinates": [-80.158218, 25.777295, -9.0] }
    },
    {
      "type": "Feature",
      "properties": {
        "timestamp": "2026-08-03T09:57:00",
        "speed_kmh": 48.00,
        "heading_deg": 298.8,
        "accel": [0.000, 0.000, 0.010],
        "run": 0,
        "outlier": false
      },
      "geometry": { "type": "Point", "coordinates": [-80.158334, 25.777353, -8.0] }
    },
    {
      "type": "Feature",
      "properties": {
        "timestamp": "2026-08-03T09:57:01",
        "speed_kmh": 48.00,
        "heading_deg": 299.0,
        "accel": [0.010, 0.000, 0.000],
        "run": 0,
        "outlier": false
      },
      "geometry": { "type": "Point", "coordinates": [-80.158451, 25.777411, -7.0] }
    },
    {
      "type": "Feature",
      "properties": {
        "timestamp": "2026-08-03T09:57:02",
        "speed_kmh": 48.00,
        "heading_deg": 299.2,
        "accel": [0.020, 0.000, 0.010],
        "run": 0,
        "outlier": false
      },
      "geometry": { "type": "Point", "coordinates": [-80.158567, 25.777470, -6.0] }
    },
    {
      "type": "Feature",
      "properties": {
        "timestamp": "2026-08-03T09:57:03",
        "speed_kmh": 48.00,
        "heading_deg": 299.5,
        "accel": [0.000, 0.000, 0.000],
        "run": 0,
        "outlier": false
      },
      "geometry": { "type": "Point", "coordinates": [-80.158683, 25.777529, -10.0] }
    },
    {
      "type": "Feature",
      "properties": {
        "timestamp": "2026-08-03T09:57:04",
        "speed_kmh": 48.00,
        "heading_deg": 299.8,
        "accel": [0.010, 0.000, 0.010],
        "run": 0,
        "outlier": false
      },
      "geometry": { "type": "Point", "coordinates": [-80.158799, 25.777588, -9.0] }
    },
    {
      "type": "Feature",
      "properties": {
        "timestamp": "2026-08-03T09:57:05",
        "speed_kmh": 48.00,
        "heading_deg": 300.0,
        "accel": [0.020, 0.000, 0.000],
        "run": 0,
        "outlier": false
      },
      "geometry": { "type": "Point", "coordinates": [-80.158914, 25.777648, -8.0] }
    },
    {
      "type": "Feature",
      "properties": {
        "timestamp": "2026-08-03T09:57:06",
        "speed_kmh": 48.00,
        "heading_deg": 300.2,
        "accel": [0.000, 0.000, 0.010],
        "run": 0,
        "outlier": false
      },
      "geometry": { "type": "Point", "coordinates": [-80.159029, 25.777709, -7.0] }
    },
    {
      "type": "Feature",
      "properties": {
        "timestamp": "2026-08-03T09:57:07",
        "speed_kmh": 48.00,
        "heading_deg": 300.5,
        "accel": [0.010, 0.000, 0.000],
        "run": 0,
        "outlier": false
      },
      "geometry": { "type": "Point", "coordinates": [-80.159144, 25.777770, -6.0] }
    },
    {
      "type": "Feature",
      "properties": {
        "timestamp": "2026-08-03T09:57:08",
        "speed_kmh": 48.00,
        "heading_deg": 300.8,
        "accel": [0.020, 0.000, 0.010],
        "run": 0,
        "outlier": false
      },
      "geometry": { "type": "Point", "coordinates": [-80.159258, 25.777831, -10.0] }
    },
    {
      "type": "Feature",
      "properties": {
        "timestamp": "2026-08-03T09:57:09",
        "speed_kmh": 48.00,
        "heading_deg": 301.0,
        "accel": [0.000, 0.000, 0.000],
        "run": 0,
        "outlier": false
      },
      "geometry": { "type": "Point", "coordinates": [-80.159372, 25.777893, -9.0] }
    },
    {
      "type": "Feature",
      "properties": {
        "timestamp": "2026-08-03T09:57:10",
        "speed_kmh": 48.00,
        "heading_deg": 301.2,
        "accel": [0.010, 0.000, 0.010],
        "run": 0,
        "outlier": false
      },
      "geometry": { "type": "Point", "coordinates": [-80.159486, 25.777955, -8.0] }
    },
    {
      "type": "Feature",
      "properties": {
        "timestamp": "2026-08-03T09:57:11",
        "speed_kmh": 48.00,
        "heading_deg": 301.5,
        "accel": [0.020, 0.000, 0.000],
        "run": 0,
        "outlier": false
      },
      "geometry": { "type": "Point", "coordinates": [-80.159600, 25.778017, -7.0] }
    },
    {
      "type": "Feature",
      "properties": {
        "timestamp": "2026-08-03T09:57:12",
        "speed_kmh": 48.00,
        "heading_deg": 301.8,
        "accel": [0.000, 0.000, 0.010],
        "run": 0,
        "outlier": false
      },
      "geometry": { "type": "Point", "coordinates": [-80.159713, 25.778081, -6.0] }
    },
    {
      "type": "Feature",
      "properties": {
        "timestamp": "2026-08-03T09:57:13",
        "speed_kmh": 48.00,
        "heading_deg": 302.0,
        "accel": [0.010, 0.000, 0.000],
        "run": 0,
        "outlier": false
      },
      "geometry": { "type": "Point", "coordinates": [-80.159826, 25.778144, -10.0] }
    },
    {
      "type": "Feature",
      "properties": {
        "timestamp": "2026-08-03T09:57:14",
        "speed_kmh": 48.00,
        "heading_deg": 302.2,
        "accel": [0.020, 0.000, 0.010],
        "run": 0,
        "outlier": false
      },
      "geometry": { "type": "Point", "coordinates": [-80.159938, 25.778208, -9.0] }
    },
    {
      "type": "Feature",
      "properties": {
        "timestamp": "2026-08-03T09:57:15",
        "speed_kmh": 48.00,
        "heading_deg": 302.5,
        "accel": [0.000, 0.000, 0.000],
        "run": 0,
        "outlier": false
      },
      "geometry": { "type": "Point", "coordinates": [-80.160051, 25.778273, -8.0] }
    },
    {
      "type": "Feature",
      "properties": {
        "timestamp": "2026-08-03T09:57:16",
        "speed_kmh": 48.00,
        "heading_deg": 302.8,
        "accel": [0.010, 0.000, 0.010],
        "run": 0,
        "outlier": false
      },
      "geometry": { "type": "Point", "coordinates": [-80.160163, 25.778337, -7.0] }
    },
    {
      "type": "Feature",
      "properties": {
        "timestamp": "2026-08-03T09:57:17",
        "speed_kmh": 48.00,
        "heading_deg": 303.0,
        "accel": [0.020, 0.000, 0.000],
        "run": 0,
        "outlier": false
      },
      "geometry": { "type": "Point", "coordinates": [-80.160274, 25.778403, -6.0] }
    },
    {
      "type": "Feature",
      "properties": {
        "timestamp": "2026-08-03T09:57:18",
        "speed_kmh": 48.00,
        "heading_deg": 303.2,
        "accel": [0.000, 0.000, 0.010],
        "run": 0,
        "outlier": false
      },
      "geometry": { "type": "Point", "coordinates": [-80.160386, 25.778468, -10.0] }
    },
    {
      "type": "Feature",
      "properties": {
        "timestamp": "2026-08-03T09:57:19",
        "speed_kmh": 48.00,
        "heading_deg": 303.5,
        "accel": [0.010, 0.000, 0.000],
        "run": 0,
        "outlier": false
      },
      "geometry": { "type": "Point", "coordinates": [-80.160497, 25.778535, -9.0] }
    },
    {
      "type": "Feature",
      "properties": {
        "timestamp": "2026-08-03T09:57:20",
        "speed_kmh": 48.00,
        "heading_deg": 303.8,
        "accel": [0.020, 0.000, 0.010],
        "run": 0,
        "outlier": false
      },
      "geometry": { "type": "Point", "coordinates": [-80.160608, 25.778601, -8.0] }
    },
    {
      "type": "Feature",
      "properties": {
        "timestamp": "2026-08-03T09:57:21",
        "speed_kmh": 48.00,
        "heading_deg": 304.0,
        "accel": [0.000, 0.000, 0.000],
        "run": 0,
        "outlier": false
      },
      "geometry": { "type": "Point", "coordinates": [-80.160718, 25.778668, -7.0] }
    },
    {
      "type": "Feature",
      "properties": {
        "timestamp": "2026-08-03T09:57:22",
        "speed_kmh": 48.00,
        "heading_deg": 304.2,
        "accel": [0.010, 0.000, 0.010],
        "run": 0,
        "outlier": false
      },
      "geometry": { "type": "Point", "coordinates": [-80.160828, 25.778736, -6.0] }
    },
    {
      "type": "Feature",
      "properties": {
        "timestamp": "2026-08-03T09:57:23",
        "speed_kmh": 48.00,
        "heading_deg": 304.5,
        "accel": [0.020, 0.000, 0.000],
        "run": 0,
        "outlier": false
      },
      "geometry": { "type": "Point", "coordinates": [-80.160938, 25.778804, -10.0] }
    },
    {
      "type": "Feature",
      "properties": {
        "timestamp": "2026-08-03T09:57:24",
        "speed_kmh": 48.00,
        "heading_deg": 304.8,
        "accel": [0.000, 0.000, 0.010],
        "run": 0,
        "outlier": false
      },
      "geometry": { "type": "Point", "coordinates": [-80.161047, 25.778872, -9.0] }
    },
    {
      "type": "Feature",
      "properties": {
        "timestamp": "2026-08-03T09:57:25",
        "speed_kmh": 48.00,
        "heading_deg": 305.0,
        "accel": [0.010, 0.000, 0.000],
        "run": 0,
        "outlier": false
      },
      "geometry": { "type": "Point", "coordinates": [-80.161156, 25.778941, -8.0] }
    },
    {
      "type": "Feature",
      "properties": {
        "timestamp": "2026-08-03T09:57:26",
        "speed_kmh": 48.00,
        "heading_deg": 305.2,
        "accel": [0.020, 0.000, 0.010],
        "run": 0,
        "outlier": false
      },
      "geometry": { "type": "Point", "coordinates": [-80.161265, 25.779010, -7.0] }
    },
    {
      "type": "Feature",
      "properties": {
        "timestamp": "2026-08-03T09:57:27",
        "speed_kmh": 48.00,
        "heading_deg": 305.5,
        "accel": [0.000, 0.000, 0.000],
        "run": 0,
        "outlier": false
      },
      "geometry": { "type": "Point", "coordinates": [-80.161373, 25.779080, -6.0] }
    },
    {
      "type": "Feature",
      "properties": {
        "timestamp": "2026-08-03T09:57:28",
        "speed_kmh": 48.00,
        "heading_deg": 305.8,
        "accel": [0.010, 0.000, 0.010],
        "run": 0,
        "outlier": false
      },
      "geometry": { "type": "Point", "coordinates": [-80.161481, 25.779150, -10.0] }
    },
    {
      "type": "Feature",
      "properties": {
        "timestamp": "2026-08-03T09:57:29",
        "speed_kmh": 48.00,
        "heading_deg": 306.0,
        "accel": [0.020, 0.000, 0.000],
        "run": 0,
        "outlier": false
      },
      "geometry": { "type": "Point", "coordinates": [-80.161589, 25.779220, -9.0] }
    },
    {
      "type": "Feature",
      "properties": {
        "timestamp": "2026-08-03T09:57:30",
        "speed_kmh": 48.00,
        "heading_deg": 306.2,
        "accel": [0.000, 0.000, 0.010],
        "run": 0,
        "outlier": false
      },
      "geometry": { "type": "Point", "coordinates": [-80.161697, 25.779291, -8.0] }
    },
    {
      "type": "Feature",
      "properties": {
        "timestamp": "2026-08-03T09:57:31",
        "speed_kmh": 48.00,
        "heading_deg": 306.5,
        "accel": [0.010, 0.000, 0.000],
        "run": 0,
        "outlier": false
      },
      "geometry": { "type": "Point", "coordinates": [-80.161804, 25.779362, -7.0] }
    },
    {
      "type": "Feature",
      "properties": {
        "timestamp": "2026-08-03T09:57:32",
        "speed_kmh": 48.00,
        "heading_deg": 306.8,
        "accel": [0.020, 0.000, 0.010],
        "run": 0,
        "outlier": false
      },
      "geometry": { "type": "Point", "coordinates": [-80.161910, 25.779434, -6.0] }
    },
    {
      "type": "Feature",
      "properties": {
        "timestamp": "2026-08-03T09:57:33",
        "speed_kmh": 48.00,
        "heading_deg": 307.0,
        "accel": [0.000, 0.000, 0.000],
        "run": 0,
        "outlier": false
      },
      "geometry": { "type": "Point", "coordinates": [-80.162017, 25.779506, -10.0] }
    },
    {
      "type": "Feature",
      "properties": {
        "timestamp": "2026-08-03T09:57:34",
        "speed_kmh": 48.00,
        "heading_deg": 307.2,
        "accel": [0.010, 0.000, 0.010],
        "run": 0,
        "outlier": false
      },
      "geometry": { "type": "Point", "coordinates": [-80.162123, 25.779579, -9.0] }
    },
    {
      "type": "Feature",
      "properties": {
        "timestamp": "2026-08-03T09:57:35",
        "speed_kmh": 48.00,
        "heading_deg": 307.5,
        "accel": [0.020, 0.000, 0.000],
        "run": 0,
        "outlier": false
      },
      "geometry": { "type": "Point", "coordinates": [-80.162228, 25.779652, -8.0] }
    },
    {
      "type": "Feature",
      "properties": {
        "timestamp": "2026-08-03T09:57:36",
        "speed_kmh": 48.00,
        "heading_deg": 307.8,
        "accel": [0.000, 0.000, 0.010],
        "run": 0,
        "outlier": false
      },
      "geometry": { "type": "Point", "coordinates": [-80.162334, 25.779725, -7.0] }
    },
    {
      "type": "Feature",
      "properties": {
        "timestamp": "2026-08-03T09:57:37",
        "speed_kmh": 48.00,
        "heading_deg": 308.0,
        "accel": [0.010, 0.000, 0.000],
        "run": 0,
        "outlier": false
      },
      "geometry": { "type": "Point", "coordinates": [-80.162439, 25.779799, -6.0] }
    },
    {
      "type": "Feature",
      "properties": {
        "timestamp": "2026-08-03T09:57:38",
        "speed_kmh": 48.00,
        "heading_deg": 308.2,
        "accel": [0.020, 0.000, 0.010],
        "run": 0,
        "outlier": false
      },
      "geometry": { "type": "Point", "coordinates": [-80.162543, 25.779873, -10.0] }
    },
    {
      "type": "Feature",
      "properties": {
        "timestamp": "2026-08-03T09:57:39",
        "speed_kmh": 48.00,
        "heading_deg": 308.5,
        "accel": [0.000, 0.000, 0.000],
        "run": 0,
        "outlier": false
      },
      "geometry": { "type": "Point", "coordinates": [-80.162647, 25.779948, -9.0] }
    },
    {
      "type": "Feature",
      "properties": {
        "timestamp": "2026-08-03T09:57:40",
        "speed_kmh": 48.00,
        "heading_deg": 308.8,
        "accel": [0.010, 0.000, 0.010],
        "run": 0,
        "outlier": false
      },
      "geometry": { "type": "Point", "coordinates": [-80.162751, 25.780023, -8.0] }
    },
    {
      "type": "Feature",
      "properties": {
        "timestamp": "2026-08-03T09:57:41",
        "speed_kmh": 48.00,
        "heading_deg": 309.0,
        "accel": [0.020, 0.000, 0.000],
        "run": 0,
        "outlier": false
      },
      "geometry": { "type": "Point", "coordinates": [-80.162855, 25.780099, -7.0] }
    },
    {
      "type": "Feature",
      "properties": {
        "timestamp": "2026-08-03T09:57:42",
        "speed_kmh": 48.00,
        "heading_deg": 309.2,
        "accel": [0.000, 0.000, 0.010],
        "run": 0,
        "outlier": false
      },
      "geometry": { "type": "Point", "coordinates": [-80.162958, 25.780174, -6.0] }
    },
    {
      "type": "Feature",
      "properties": {
        "timestamp": "2026-08-03T09:57:43",
        "speed_kmh": 48.00,
        "heading_deg": 309.5,
        "accel": [0.010, 0.000, 0.000],
        "run": 0,
        "outlier": false
      },
      "geometry": { "type": "Point", "coordinates": [-80.163061, 25.780251, -10.0] }
    },
    {
      "type": "Feature",
      "properties": {
        "timestamp": "2026-08-03T09:57:44",
        "speed_kmh": 48.00,
        "heading_deg": 309.8,
        "accel": [0.020, 0.000, 0.010],
        "run": 0,
        "outlier": false
      },
      "geometry": { "type": "Point", "coordinates": [-80.163163, 25.780327, -9.0] }
    },
    {
      "type": "Feature",
      "properties": {
        "timestamp": "2026-08-03T09:57:45",
        "speed_kmh": 48.00,
        "heading_deg": 310.0,
        "accel": [0.000, 0.000, 0.000],
        "run": 0,
        "outlier": false
      },
      "geometry": { "type": "Point", "coordinates": [-80.163265, 25.780404, -8.0] }
    },
    {
      "type": "Feature",
      "properties": {
        "timestamp": "2026-08-03T09:57:46",
        "speed_kmh": 48.00,
        "heading_deg": 310.2,
        "accel": [0.010, 0.000, 0.010],
        "run": 0,
        "outlier": false
      },
      "geometry": { "type": "Point", "coordinates": [-80.163367, 25.780482, -7.0] }
    },
    {
      "type": "Feature",
      "properties": {
        "timestamp": "2026-08-03T09:57:47",
        "speed_kmh": 48.00,
        "heading_deg": 310.5,
        "accel": [0.020, 0.000, 0.000],
        "run": 0,
        "outlier": false
      },
      "geometry": { "type": "Point", "coordinates": [-80.163468, 25.780560, -6.0] }
    },
    {
      "type": "Feature",
      "properties": {
        "timestamp": "2026-08-03T09:57:48",
        "speed_kmh": 48.00,
        "heading_deg": 310.8,
        "accel": [0.000, 0.000, 0.010],
        "run": 0,
        "outlier": false
      },
      "geometry": { "type": "Point", "coordinates": [-80.163569, 25.780638, -10.0] }
    },
    {
      "type": "Feature",
      "properties": {
        "timestamp": "2026-08-03T09:57:49",
        "speed_kmh": 48.00,
        "heading_deg": 311.0,
        "accel": [0.010, 0.000, 0.000],
        "run": 0,
        "outlier": false
      },
      "geometry": { "type": "Point", "coordinates": [-80.163669, 25.780717, -9.0] }
    },
    {
      "type": "Feature",
      "properties": {
        "timestamp": "2026-08-03T09:57:50",
        "speed_kmh": 48.00,
        "heading_deg": 311.2,
        "accel": [0.020, 0.000, 0.010],
        "run": 0,
        "outlier": false
      },
      "geometry": { "type": "Point", "coordinates": [-80.163769, 25.780796, -8.0] }
    },
    {
      "type": "Feature",
      "properties": {
        "timestamp": "2026-08-03T09:57:51",
        "speed_kmh": 48.00,
        "heading_deg": 311.5,
        "accel": [0.000, 0.000, 0.000],
        "run": 0,
        "outlier": false
      },
      "geometry": { "type": "Point", "coordinates": [-80.163869, 25.780875, -7.0] }
    },
    {
      "type": "Feature",
      "properties": {
        "timestamp": "2026-08-03T09:57:52",
        "speed_kmh": 48.00,
        "heading_deg": 311.8,
        "accel": [0.010, 0.000, 0.010],
        "run": 0,
        "outlier": false
      },
      "geometry": { "type": "Point", "coordinates": [-80.163968, 25.780955, -6.0] }
    },
    {
      "type": "Feature",
      "properties": {
        "timestamp": "2026-08-03T09:57:53",
        "speed_kmh": 48.00,
        "heading_deg": 312.0,
        "accel": [0.020, 0.000, 0.000],
        "run": 0,
        "outlier": false
      },
      "geometry": { "type": "Point", "coordinates": [-80.164067, 25.781035, -10.0] }
    },
    {
      "type": "Feature",
      "properties": {
        "timestamp": "2026-08-03T09:57:54",
        "speed_kmh": 48.00,
        "heading_deg": 312.2,
        "accel": [0.000, 0.000, 0.010],
        "run": 0,
        "outlier": false
      },
      "geometry": { "type": "Point", "coordinates": [-80.164166, 25.781116, -9.0] }
    },
    {
      "type": "Feature",
      "properties": {
        "timestamp": "2026-08-03T09:57:55",
        "speed_kmh": 48.00,
        "heading_deg": 312.5,
        "accel": [0.010, 0.000, 0.000],
        "run": 0,
        "outlier": false
      },
      "geometry": { "type": "Point", "coordinates": [-80.164264, 25.781197, -8.0] }
    },
    {
      "type": "Feature",
      "properties": {
        "timestamp": "2026-08-03T09:57:56",
        "speed_kmh": 48.00,
        "heading_deg": 312.8,
        "accel": [0.020, 0.000, 0.010],
        "run": 0,
        "outlier": false
      },
      "geometry": { "type": "Point", "coordinates": [-80.164362, 25.781278, -7.0] }
    },
    {
      "type": "Feature",
      "properties": {
        "timestamp": "2026-08-03T09:57:57",
        "speed_kmh": 48.00,
        "heading_deg": 313.0,
        "accel": [0.000, 0.000, 0.000],
        "run": 0,
        "outlier": false
      },
      "geometry": { "type": "Point", "coordinates": [-80.164459, 25.781360, -6.0] }
    },
    {
      "type": "Feature",
      "properties": {
        "timestamp": "2026-08-03T09:57:58",
        "speed_kmh": 48.00,
        "heading_deg": 313.2,
        "accel": [0.010, 0.000, 0.010],
        "run": 0,
        "outlier": false
      },
      "geometry": { "type": "Point", "coordinates": [-80.164556, 25.781442, -10.0] }
    },
    {
      "type": "Feature",
      "properties": {
        "timestamp": "2026-08-03T09:57:59",
        "speed_kmh": 48.00,
        "heading_deg": 313.5,
        "accel": [0.020, 0.000, 0.000],
        "run": 0,
        "outlier": false
      },
      "geometry": { "type": "Point", "coordinates": [-80.164653, 25.781525, -9.0] }
    },
    {
      "type": "Feature",
      "properties": {
        "timestamp": "2026-08-03T09:58:00",
        "speed_kmh": 48.00,
        "heading_deg": 313.8,
        "accel": [0.000, 0.000, 0.010],
        "run": 0,
        "outlier": false
      },
      "geometry": { "type": "Point", "coordinates": [-80.164749, 25.781608, -8.0] }
    },
    {
      "type": "Feature",
      "properties": {
        "timestamp": "2026-08-03T09:58:01",
        "speed_kmh": 48.00,
        "heading_deg": 314.0,
        "accel": [0.010, 0.000, 0.000],
        "run": 0,
        "outlier": false
      },
      "geometry": { "type": "Point", "coordinates": [-80.164845, 25.781691, -7.0] }
    },
    {
      "type": "Feature",
      "properties": {
        "timestamp": "2026-08-03T09:58:02",
        "speed_kmh": 48.00,
        "heading_deg": 314.2,
        "accel": [0.020, 0.000, 0.010],
        "run": 0,
        "outlier": false
      },
      "geometry": { "type": "Point", "coordinates": [-80.164940, 25.781775, -6.0] }
    },
    {
      "type": "Feature",
      "properties": {
        "timestamp": "2026-08-03T09:58:03",
        "speed_kmh": 48.00,
        "heading_deg": 314.5,
        "accel": [0.000, 0.000, 0.000],
        "run": 0,
        "outlier": false
      },
      "geometry": { "type": "Point", "coordinates": [-80.165035, 25.781859, -10.0] }
    },
    {
      "type": "Feature",
      "properties": {
        "timestamp": "2026-08-03T09:58:04",
        "speed_kmh": 48.00,
        "heading_deg": 314.8,
        "accel": [0.010, 0.000, 0.010],
        "run": 0,
        "outlier": false
      },
      "geometry": { "type": "Point", "coordinates": [-80.165130, 25.781943, -9.0] }
    },
    {
      "type": "Feature",
      "properties": {
        "timestamp": "2026-08-03T09:58:05",
        "speed_kmh": 48.00,
        "heading_deg": 315.0,
        "accel": [0.020, 0.000, 0.000],
        "run": 0,
        "outlier": false
      },
      "geometry": { "type": "Point", "coordinates": [-80.165224, 25.782028, -8.0] }
    },
    {
      "type": "Feature",
      "properties": {
        "timestamp": "2026-08-03T09:58:06",
        "speed_kmh": 48.00,
        "heading_deg": 315.2,
        "accel": [0.000, 0.000, 0.010],
        "run": 0,
        "outlier": false
      },
      "geometry": { "type": "Point", "coordinates": [-80.165318, 25.782113, -7.0] }
    },
    {
      "type": "Feature",
      "properties": {
        "timestamp": "2026-08-03T09:58:07",
        "speed_kmh": 48.00,
        "heading_deg": 315.5,
        "accel": [0.010, 0.000, 0.000],
        "run": 0,
        "outlier": false
      },
      "geometry": { "type": "Point", "coordinates": [-80.165411, 25.782199, -6.0] }
    },
    {
      "type": "Feature",
      "properties": {
        "timestamp": "2026-08-03T09:58:08",
        "speed_kmh": 48.00,
        "heading_deg": 315.8,
        "accel": [0.020, 0.000, 0.010],
        "run": 0,
        "outlier": false
      },
      "geometry": { "type": "Point", "coordinates": [-80.165504, 25.782285, -10.0] }
    },
    {
      "type": "Feature",
      "properties": {
        "timestamp": "2026-08-03T09:58:09",
        "speed_kmh": 48.00,
        "heading_deg": 316.0,
        "accel": [0.000, 0.000, 0.000],
        "run": 0,
        "outlier": false
      },
      "geometry": { "type": "Point", "coordinates": [-80.165597, 25.782371, -9.0] }
    },
    {
      "type": "Feature",
      "properties": {
        "timestamp": "2026-08-03T09:58:10",
        "speed_kmh": 48.00,
        "heading_deg": 316.2,
        "accel": [0.010, 0.000, 0.010],
        "run": 0,
        "outlier": false
      },
      "geometry": { "type": "Point", "coordinates": [-80.165689, 25.782457, -8.0] }
    },
    {
      "type": "Feature",
      "properties": {
        "timestamp": "2026-08-03T09:58:11",
        "speed_kmh": 48.00,
        "heading_deg": 316.5,
        "accel": [0.020, 0.000, 0.000],
        "run": 0,
        "outlier": false
      },
      "geometry": { "type": "Point", "coordinates": [-80.165780, 25.782544, -7.0] }
    },
    {
      "type": "Feature",
      "properties": {
        "timestamp": "2026-08-03T09:58:12",
        "speed_kmh": 48.00,
        "heading_deg": 316.8,
        "accel": [0.000, 0.000, 0.010],
        "run": 0,
        "outlier": false
      },
      "geometry": { "type": "Point", "coordinates": [-80.165872, 25.782632, -6.0] }
    },
    {
      "type": "Feature",
      "properties": {
        "timestamp": "2026-08-03T09:58:13",
        "speed_kmh": 48.00,
        "heading_deg": 317.0,
        "accel": [0.010, 0.000, 0.000],
        "run": 0,
        "outlier": false
      },
      "geometry": { "type": "Point", "coordinates": [-80.165962, 25.782719, -10.0] }
    },
    {
      "type": "Feature",
      "properties": {
        "timestamp": "2026-08-03T09:58:14",
        "speed_kmh": 48.00,
        "heading_deg": 317.2,
        "accel": [0.020, 0.000, 0.010],
        "run": 0,
        "outlier": false
      },
      "geometry": { "type": "Point", "coordinates": [-80.166053, 25.782807, -9.0] }
    },
    {
      "type": "Feature",
      "properties": {
        "timestamp": "2026-08-03T09:58:15",
        "speed_kmh": 48.00,
        "heading_deg": 317.5,
        "accel": [0.000, 0.000, 0.000],
        "run": 0,
        "outlier": false
      },
      "geometry": { "type": "Point", "coordinates": [-80.166143, 25.782896, -8.0] }
    },
    {
      "type": "Feature",
      "properties": {
        "timestamp": "2026-08-03T09:58:16",
        "speed_kmh": 48.00,
        "heading_deg": 317.8,
        "accel": [0.010, 0.000, 0.010],
        "run": 0,
        "outlier": false
      },
      "geometry": { "type": "Point", "coordinates": [-80.166232, 25.782985, -7.0] }
    },
    {
      "type": "Feature",
      "properties": {
        "timestamp": "2026-08-03T09:58:17",
        "speed_kmh": 48.00,
        "heading_deg": 318.0,
        "accel": [0.020, 0.000, 0.000],
        "run": 0,
        "outlier": false
      },
      "geometry": { "type": "Point", "coordinates": [-80.166321, 25.783074, -6.0] }
    },
    {
      "type": "Feature",
      "properties": {
        "timestamp": "2026-08-03T09:58:18",
        "speed_kmh": 48.00,
        "heading_deg": 318.2,
        "accel": [0.000, 0.000, 0.010],
        "run": 0,
        "outlier": false
      },
      "geometry": { "type": "Point", "coordinates": [-80.166410, 25.783163, -10.0] }
    },
    {
      "type": "Feature",
      "properties": {
        "timestamp": "2026-08-03T09:58:19",
        "speed_kmh": 48.00,
        "heading_deg": 318.5,
        "accel": [0.010, 0.000, 0.000],
        "run": 0,
        "outlier": false
      },
      "geometry": { "type": "Point", "coordinates": [-80.166498, 25.783253, -9.0] }
    },
    {
      "type": "Feature",
      "properties": {
        "timestamp": "2026-08-03T09:58:20",
        "speed_kmh": 48.00,
        "heading_deg": 318.8,
        "accel": [0.020, 0.000, 0.010],
        "run": 0,
        "outlier": false
      },
      "geometry": { "type": "Point", "coordinates": [-80.166586, 25.783343, -8.0] }
    },
    {
      "type": "Feature",
      "properties": {
        "timestamp": "2026-08-03T09:58:21",
        "speed_kmh": 48.00,
        "heading_deg": 319.0,
        "accel": [0.000, 0.000, 0.000],
        "run": 0,
        "outlier": false
      },
      "geometry": { "type": "Point", "coordinates": [-80.166673, 25.783434, -7.0] }
    },
    {
      "type": "Feature",
      "properties": {
        "timestamp": "2026-08-03T09:58:22",
        "speed_kmh": 48.00,
        "heading_deg": 319.2,
        "accel": [0.010, 0.000, 0.010],
        "run": 0,
        "outlier": false
      },
      "geometry": { "type": "Point", "coordinates": [-80.166760, 25.783525, -6.0] }
    },
    {
      "type": "Feature",
      "properties": {
        "timestamp": "2026-08-03T09:58:23",
        "speed_kmh": 48.00,
        "heading_deg": 319.5,
        "accel": [0.020, 0.000, 0.000],
        "run": 0,
        "outlier": false
      },
      "geometry": { "type": "Point", "coordinates": [-80.166847, 25.783616, -10.0] }
    },
    {
      "type": "Feature",
      "properties": {
        "timestamp": "2026-08-03T09:58:24",
        "speed_kmh": 48.00,
        "heading_deg": 319.8,
        "accel": [0.000, 0.000, 0.010],
        "run": 0,
        "outlier": false
      },
      "geometry": { "type": "Point", "coordinates": [-80.166933, 25.783707, -9.0] }
    },
    {
      "type": "Feature",
      "properties": {
        "timestamp": "2026-08-03T09:58:25",
        "speed_kmh": 48.00,
        "heading_deg": 320.0,
        "accel": [0.010, 0.000, 0.000],
        "run": 0,
        "outlier": false
      },
      "geometry": { "type": "Point", "coordinates": [-80.167018, 25.783799, -8.0] }
    },
    {
      "type": "Feature",
      "properties": {
        "timestamp": "2026-08-03T09:58:26",
        "speed_kmh": 48.00,
        "heading_deg": 320.2,
        "accel": [0.020, 0.000, 0.010],
        "run": 0,
        "outlier": false
      },
      "geometry": { "type": "Point", "coordinates": [-80.167104, 25.783891, -7.0] }
    },
    {
      "type": "Feature",
      "properties": {
        "timestamp": "2026-08-03T09:58:27",
        "speed_kmh": 48.00,
        "heading_deg": 320.5,
        "accel": [0.000, 0.000, 0.000],
        "run": 0,
        "outlier": false
      },
      "geometry": { "type": "Point", "coordinates": [-80.167188, 25.783984, -6.0] }
    },
    {
      "type": "Feature",
      "properties": {
        "timestamp": "2026-08-03T09:58:28",
        "speed_kmh": 48.00,
        "heading_deg": 320.8,
        "accel": [0.010, 0.000, 0.010],
        "run": 0,
        "outlier": false
      },
      "geometry": { "type": "Point", "coordinates": [-80.167273, 25.784077, -10.0] }
    },
    {
      "type": "Feature",
      "properties": {
        "timestamp": "2026-08-03T09:58:29",
        "speed_kmh": 48.00,
        "heading_deg": 321.0,
        "accel": [0.020, 0.000, 0.000],
        "run": 0,
        "outlier": false
      },
      "geometry": { "type": "Point", "coordinates": [-80.167356, 25.784170, -9.0] }
    },
    {
      "type": "Feature",
      "properties": {
        "timestamp": "2026-08-03T09:58:30",
        "speed_kmh": 48.00,
        "heading_deg": 321.2,
        "accel": [0.000, 0.000, 0.010],
        "run": 0,
        "outlier": false
      },
      "geometry": { "type": "Point", "coordinates": [-80.167440, 25.784263, -8.0] }
    },
    {
      "type": "Feature",
      "properties": {
        "timestamp": "2026-08-03T09:58:31",
        "speed_kmh": 48.00,
        "heading_deg": 321.5,
        "accel": [0.010, 0.000, 0.000],
        "run": 0,
        "outlier": false
      },
      "geometry": { "type": "Point", "coordinates": [-80.167523, 25.784357, -7.0] }
    },
    {
      "type": "Feature",
      "properties": {
        "timestamp": "2026-08-03T09:58:32",
        "speed_kmh": 48.00,
        "heading_deg": 321.8,
        "accel": [0.020, 0.000, 0.010],
        "run": 0,
        "outlier": false
      },
      "geometry": { "type": "Point", "coordinates": [-80.167605, 25.784451, -6.0] }
    },
    {
      "type": "Feature",
      "properties": {
        "timestamp": "2026-08-03T09:58:33",
        "speed_kmh": 48.00,
        "heading_deg": 322.0,
        "accel": [0.000, 0.000, 0.000],
        "run": 0,
        "outlier": false
      },
      "geometry": { "type": "Point", "coordinates": [-80.167687, 25.784546, -10.0] }
    },
    {
      "type": "Feature",
      "properties": {
        "timestamp": "2026-08-03T09:58:34",
        "speed_kmh": 48.00,
        "heading_deg": 322.2,
        "accel": [0.010, 0.000, 0.010],
        "run": 0,
        "outlier": false
      },
      "geometry": { "type": "Point", "coordinates": [-80.167769, 25.784641, -9.0] }
    },
    {
      "type": "Feature",
      "properties": {
        "timestamp": "2026-08-03T09:58:35",
        "speed_kmh": 48.00,
        "heading_deg": 322.5,
        "accel": [0.020, 0.000, 0.000],
        "run": 0,
        "outlier": false
      },
      "geometry": { "type": "Point", "coordinates": [-80.167850, 25.784736, -8.0] }
    },
    {
      "type": "Feature",
      "properties": {
        "timestamp": "2026-08-03T09:58:36",
        "speed_kmh": 48.00,
        "heading_deg": 322.8,
        "accel": [0.000, 0.000, 0.010],
        "run": 0,
        "outlier": false
      },
      "geometry": { "type": "Point", "coordinates": [-80.167930, 25.784831, -7.0] }
    },
    {
      "type": "Feature",
      "properties": {
        "timestamp": "2026-08-03T09:58:37",
        "speed_kmh": 48.00,
        "heading_deg": 323.0,
        "accel": [0.010, 0.000, 0.000],
        "run": 0,
        "outlier": false
      },
      "geometry": { "type": "Point", "coordinates": [-80.168010, 25.784927, -6.0] }
    },
    {
      "type": "Feature",
      "properties": {
        "timestamp": "2026-08-03T09:58:38",
        "speed_kmh": 48.00,
        "heading_deg": 323.2,
        "accel": [0.020, 0.000, 0.010],
        "run": 0,
        "outlier": false
      },
      "geometry": { "type": "Point", "coordinates": [-80.168090, 25.785023, -10.0] }
    },
    {
      "type": "Feature",
      "properties": {
        "timestamp": "2026-08-03T09:58:39",
        "speed_kmh": 48.00,
        "heading_deg": 323.5,
        "accel": [0.000, 0.000, 0.000],
        "run": 0,
        "outlier": false
      },
      "geometry": { "type": "Point", "coordinates": [-80.168169, 25.785119, -9.0] }
    },
    {
      "type": "Feature",
      "properties": {
        "timestamp": "2026-08-03T09:58:40",
        "speed_kmh": 48.00,
        "heading_deg": 323.8,
        "accel": [0.010, 0.000, 0.010],
        "run": 0,
        "outlier": false
      },
      "geometry": { "type": "Point", "coordinates": [-80.168248, 25.785216, -8.0] }
    },
    {
      "type": "Feature",
      "properties": {
        "timestamp": "2026-08-03T09:58:41",
        "speed_kmh": 48.00,
        "heading_deg": 324.0,
        "accel": [0.020, 0.000, 0.000],
        "run": 0,
        "outlier": false
      },
      "geometry": { "type": "Point", "coordinates": [-80.168326, 25.785313, -7.0] }
    },
    {
      "type": "Feature",
      "properties": {
        "timestamp": "2026-08-03T09:58:42",
        "speed_kmh": 48.00,
        "heading_deg": 324.2,
        "accel": [0.000, 0.000, 0.010],
        "run": 0,
        "outlier": false
      },
      "geometry": { "type": "Point", "coordinates": [-80.168404, 25.785411, -6.0] }
    },
    {
      "type": "Feature",
      "properties": {
        "timestamp": "2026-08-03T09:58:43",
        "speed_kmh": 48.00,
        "heading_deg": 324.5,
        "accel": [0.010, 0.000, 0.000],
        "run": 0,
        "outlier": false
      },
      "geometry": { "type": "Point", "coordinates": [-80.168481, 25.785508, -10.0] }
    },
    {
      "type": "Feature",
      "properties": {
        "timestamp": "2026-08-03T09:58:44",
        "speed_kmh": 48.00,
        "heading_deg": 324.8,
        "accel": [0.020, 0.000, 0.010],
        "run": 0,
        "outlier": false
      },
      "geometry": { "type": "Point", "coordinates": [-80.168558, 25.785606, -9.0] }
    },
    {
      "type": "Feature",
      "properties": {
        "timestamp": "2026-08-03T09:58:45",
        "speed_kmh": 48.00,
        "heading_deg": 325.0,
        "accel": [0.000, 0.000, 0.000],
        "run": 0,
        "outlier": false
      },
      "geometry": { "type": "Point", "coordinates": [-80.168635, 25.785704, -8.0] }
    },
    {
      "type": "Feature",
      "properties": {
        "timestamp": "2026-08-03T09:58:46",
        "speed_kmh": 48.00,
        "heading_deg": 325.2,
        "accel": [0.010, 0.000, 0.010],
        "run": 0,
        "outlier": false
      },
      "geometry": { "type": "Point", "coordinates": [-80.168711, 25.785803, -7.0] }
    },
    {
      "type": "Feature",
      "properties": {
        "timestamp": "2026-08-03T09:58:47",
        "speed_kmh": 48.00,
        "heading_deg": 325.5,
        "accel": [0.020, 0.000, 0.000],
        "run": 0,
        "outlier": false
      },
      "geometry": { "type": "Point", "coordinates": [-80.168786, 25.785902, -6.0] }
    },
    {
      "type": "Feature",
      "properties": {
        "timestamp": "2026-08-03T09:58:48",
        "speed_kmh": 48.00,
        "heading_deg": 325.8,
        "accel": [0.000, 0.000, 0.010],
        "run": 0,
        "outlier": false
      },
      "geometry": { "type": "Point", "coordinates": [-80.168861, 25.786001, -10.0] }
    },
    {
      "type": "Feature",
      "properties": {
        "timestamp": "2026-08-03T09:58:49",
        "speed_kmh": 48.00,
        "heading_deg": 326.0,
        "accel": [0.010, 0.000, 0.000],
        "run": 0,
        "outlier": false
      },
      "geometry": { "type": "Point", "coordinates": [-80.168935, 25.786100, -9.0] }
    },
    {
      "type": "Feature",
      "properties": {
        "timestamp": "2026-08-03T09:58:50",
        "speed_kmh": 48.00,
        "heading_deg": 326.2,
        "accel": [0.020, 0.000, 0.010],
        "run": 0,
        "outlier": false
      },
      "geometry": { "type": "Point", "coordinates": [-80.169009, 25.786200, -8.0] }
    },
    {
      "type": "Feature",
      "properties": {
        "timestamp": "2026-08-03T09:58:51",
        "speed_kmh": 48.00,
        "heading_deg": 326.5,
        "accel": [0.000, 0.000, 0.000],
        "run": 0,
        "outlier": false
      },
      "geometry": { "type": "Point", "coordinates": [-80.169083, 25.786300, -7.0] }
    },
    {
      "type": "Feature",
      "properties": {
        "timestamp": "2026-08-03T09:58:52",
        "speed_kmh": 48.00,
        "heading_deg": 326.8,
        "accel": [0.010, 0.000, 0.010],
        "run": 0,
        "outlier": false
      },
      "geometry": { "type": "Point", "coordinates": [-80.169156, 25.786400, -6.0] }
    },
    {
      "type": "Feature",
      "properties": {
        "timestamp": "2026-08-03T09:58:53",
        "speed_kmh": 48.00,
        "heading_deg": 327.0,
        "accel": [0.020, 0.000, 0.000],
        "run": 0,
        "outlier": false
      },
      "geometry": { "type": "Point", "coordinates": [-80.169228, 25.786501, -10.0] }
    },
    {
      "type": "Feature",
      "properties": {
        "timestamp": "2026-08-03T09:58:54",
        "speed_kmh": 48.00,
        "heading_deg": 327.2,
        "accel": [0.000, 0.000, 0.010],
        "run": 0,
        "outlier": false
      },
      "geometry": { "type": "Point", "coordinates": [-80.169301, 25.786602, -9.0] }
    },
    {
      "type": "Feature",
      "properties": {
        "timestamp": "2026-08-03T09:58:55",
        "speed_kmh": 48.00,
        "heading_deg": 327.5,
        "accel": [0.010, 0.000, 0.000],
        "run": 0,
        "outlier": false
      },
      "geometry": { "type": "Point", "coordinates": [-80.169372, 25.786703, -8.0] }
    },
    {
      "type": "Feature",
      "properties": {
        "timestamp": "2026-08-03T09:58:56",
        "speed_kmh": 48.00,
        "heading_deg": 327.8,
        "accel": [0.020, 0.000, 0.010],
        "run": 0,
        "outlier": false
      },
      "geometry": { "type": "Point", "coordinates": [-80.169443, 25.786804, -7.0] }
    },
    {
      "type": "Feature",
      "properties": {
        "timestamp": "2026-08-03T09:58:57",
        "speed_kmh": 48.00,
        "heading_deg": 328.0,
        "accel": [0.000, 0.000, 0.000],
        "run": 0,
        "outlier": false
      },
      "geometry": { "type": "Point", "coordinates": [-80.169514, 25.786906, -6.0] }
    },
    {
      "type": "Feature",
      "properties": {
        "timestamp": "2026-08-03T09:58:58",
        "speed_kmh": 48.00,
        "heading_deg": 328.2,
        "accel": [0.010, 0.000, 0.010],
        "run": 0,
        "outlier": false
      },
      "geometry": { "type": "Point", "coordinates": [-80.169584, 25.787008, -10.0] }
    },
    {
      "type": "Feature",
      "properties": {
        "timestamp": "2026-08-03T09:58:59",
        "speed_kmh": 48.00,
        "heading_deg": 328.5,
        "accel": [0.020, 0.000, 0.000],
        "run": 0,
        "outlier": false
      },
      "geometry": { "type": "Point", "coordinates": [-80.169653, 25.787110, -9.0] }
    },
    {
      "type": "Feature",
      "properties": {
        "timestamp": "2026-08-03T09:59:00",
        "speed_kmh": 48.00,
        "heading_deg": 328.8,
        "accel": [0.000, 0.000, 0.010],
        "run": 0,
        "outlier": false
      },
      "geometry": { "type": "Point", "coordinates": [-80.169722, 25.787212, -8.0] }
    },
    {
      "type": "Feature",
      "properties": {
        "timestamp": "2026-08-03T09:59:01",
        "speed_kmh": 48.00,
        "heading_deg": 329.0,
        "accel": [0.010, 0.000, 0.000],
        "run": 0,
        "outlier": false
      },
      "geometry": { "type": "Point", "coordinates": [-80.169791, 25.787315, -7.0] }
    },
    {
      "type": "Feature",
      "properties": {
        "timestamp": "2026-08-03T09:59:02",
        "speed_kmh": 48.00,
        "heading_deg": 329.2,
        "accel": [0.020, 0.000, 0.010],
        "run": 0,
        "outlier": false
      },
      "geometry": { "type": "Point", "coordinates": [-80.169859, 25.787418, -6.0] }
    },
    {
      "type": "Feature",
      "properties": {
        "timestamp": "2026-08-03T09:59:03",
        "speed_kmh": 48.00,
        "heading_deg": 329.5,
        "accel": [0.000, 0.000, 0.000],
        "run": 0,
        "outlier": false
      },
      "geometry": { "type": "Point", "coordinates": [-80.169927, 25.787522, -10.0] }
    },
    {
      "type": "Feature",
      "properties": {
        "timestamp": "2026-08-03T09:59:04",
        "speed_kmh": 48.00,
        "heading_deg": 329.8,
        "accel": [0.010, 0.000, 0.010],
        "run": 0,
        "outlier": false
      },
      "geometry": { "type": "Point", "coordinates": [-80.169994, 25.787625, -9.0] }
    },
    {
      "type": "Feature",
      "properties": {
        "timestamp": "2026-08-03T09:59:05",
        "speed_kmh": 48.00,
        "heading_deg": 330.0,
        "accel": [0.020, 0.000, 0.000],
        "run": 0,
        "outlier": false
      },
      "geometry": { "type": "Point", "coordinates": [-80.170060, 25.787729, -8.0] }
    },
    {
      "type": "Feature",
      "properties": {
        "timestamp": "2026-08-03T09:59:06",
        "speed_kmh": 48.00,
        "heading_deg": 330.2,
        "accel": [0.000, 0.000, 0.010],
        "run": 0,
        "outlier": false
      },
      "geometry": { "type": "Point", "coordinates": [-80.170126, 25.787833, -7.0] }
    },
    {
      "type": "Feature",
      "properties": {
        "timestamp": "2026-08-03T09:59:07",
        "speed_kmh": 48.00,
        "heading_deg": 330.5,
        "accel": [0.010, 0.000, 0.000],
        "run": 0,
        "outlier": false
      },
      "geometry": { "type": "Point", "coordinates": [-80.170192, 25.787938, -6.0] }
    },
    {
      "type": "Feature",
      "properties": {
        "timestamp": "2026-08-03T09:59:08",
        "speed_kmh": 48.00,
        "heading_deg": 330.8,
        "accel": [0.020, 0.000, 0.010],
        "run": 0,
        "outlier": false
      },
      "geometry": { "type": "Point", "coordinates": [-80.170257, 25.788042, -10.0] }
    },
    {
      "type": "Feature",
      "properties": {
        "timestamp": "2026-08-03T09:59:09",
        "speed_kmh": 48.00,
        "heading_deg": 331.0,
        "accel": [0.000, 0.000, 0.000],
        "run": 0,
        "outlier": false
      },
      "geometry": { "type": "Point", "coordinates": [-80.170322, 25.788147, -9.0] }
    },
    {
      "type": "Feature",
      "properties": {
        "timestamp": "2026-08-03T09:59:10",
        "speed_kmh": 48.00,
        "heading_deg": 331.2,
        "accel": [0.010, 0.000, 0.010],
        "run": 0,
        "outlier": false
      },
      "geometry": { "type": "Point", "coordinates": [-80.170386, 25.788252, -8.0] }
    },
    {
      "type": "Feature",
      "properties": {
        "timestamp": "2026-08-03T09:59:11",
        "speed_kmh": 48.00,
        "heading_deg": 331.5,
        "accel": [0.020, 0.000, 0.000],
        "run": 0,
        "outlier": false
      },
      "geometry": { "type": "Point", "coordinates": [-80.170449, 25.788358, -7.0] }
    },
    {
      "type": "Feature",
      "properties": {
        "timestamp": "2026-08-03T09:59:12",
        "speed_kmh": 48.00,
        "heading_deg": 331.8,
        "accel": [0.000, 0.000, 0.010],
        "run": 0,
        "outlier": false
      },
      "geometry": { "type": "Point", "coordinates": [-80.170512, 25.788463, -6.0] }
    },
    {
      "type": "Feature",
      "properties": {
        "timestamp": "2026-08-03T09:59:13",
        "speed_kmh": 48.00,
        "heading_deg": 332.0,
        "accel": [0.010, 0.000, 0.000],
        "run": 0,
        "outlier": false
      },
      "geometry": { "type": "Point", "coordinates": [-80.170575, 25.788569, -10.0] }
    },
    {
      "type": "Feature",
      "properties": {
        "timestamp": "2026-08-03T09:59:14",
        "speed_kmh": 48.00,
        "heading_deg": 332.2,
        "accel": [0.020, 0.000, 0.010],
        "run": 0,
        "outlier": false
      },
      "geometry": { "type": "Point", "coordinates": [-80.170637, 25.788675, -9.0] }
    },
    {
      "type": "Feature",
      "properties": {
        "timestamp": "2026-08-03T09:59:15",
        "speed_kmh": 48.00,
        "heading_deg": 332.5,
        "accel": [0.000, 0.000, 0.000],
        "run": 0,
        "outlier": false
      },
      "geometry": { "type": "Point", "coordinates": [-80.170698, 25.788781, -8.0] }
    },
    {
      "type": "Feature",
      "properties": {
        "timestamp": "2026-08-03T09:59:16",
        "speed_kmh": 48.00,
        "heading_deg": 332.8,
        "accel": [0.010, 0.000, 0.010],
        "run": 0,
        "outlier": false
      },
      "geometry": { "type": "Point", "coordinates": [-80.170759, 25.788888, -7.0] }
    },
    {
      "type": "Feature",
      "properties": {
        "timestamp": "2026-08-03T09:59:17",
        "speed_kmh": 48.00,
        "heading_deg": 333.0,
        "accel": [0.020, 0.000, 0.000],
        "run": 0,
        "outlier": false
      },
      "geometry": { "type": "Point", "coordinates": [-80.170820, 25.788995, -6.0] }
    }
  ]
}
